"decimalLatitude","decimalLongitude","startDate","sampleProtocol","day","month","year","timeEffort","site","Lasioglossum","Megachile","Halictus","Ceratina","Melitoma","Bombus","Perdita","Coelioxys","Hoplitis","Osmia","Augochlorella","Nomada","Augochlora","Agapostemon","Melissodes","Andrena","Augochloropsis","Colletes","Florilegus","Heriades","Ptilothrix","Triepeolus","Hylaeus","Dieunomia","Xylocopa","Svastra","Eucera","Anthidiellum","Calliopsis","Panurginus","Anthophora","Peponapis","Anthidium"
38.2044,-75.4747,"2018-07-02 00:00:00","panTrap",2,7,2018,1440,"1",22,0,0,0,0,1,0,0,0,0,0,0,0,0,0,0,0,0,0,0,0,0,0,0,0,0,0,0,0,0,0,0,0
38.2044,-75.4747,"2018-08-27 00:00:00","handNet",27,8,2018,0,"1",2,0,0,0,0,0,0,0,0,0,0,0,0,0,0,0,0,0,0,0,0,0,0,0,0,0,0,0,0,0,0,0,0
38.2044,-75.4747,"2018-08-27 00:00:00","panTrap",27,8,2018,1440,"1",34,0,0,0,0,0,2,0,0,0,0,0,0,0,0,0,0,0,0,0,0,0,0,0,0,0,0,0,0,0,0,0,0
38.2103,-75.4746,"2018-05-21 00:00:00","handNet",21,5,2018,0,"2",1,3,0,0,0,0,0,1,2,1,0,0,0,0,0,0,0,0,0,0,0,0,0,0,0,0,0,0,0,0,0,0,0
38.2103,-75.4746,"2018-05-21 00:00:00","panTrap",21,5,2018,1440,"2",14,0,0,0,0,0,0,0,0,0,0,0,0,0,0,0,0,0,0,0,0,0,0,0,0,0,0,0,0,0,0,0,0
38.245,-75.5036,"2018-04-23 00:00:00","panTrap",23,4,2018,1440,"3",2,0,0,0,0,0,0,0,0,0,8,0,0,0,0,0,0,0,0,0,0,0,0,0,0,0,0,0,0,0,0,0,0
38.245,-75.5036,"2018-04-24 00:00:00","handNet",24,4,2018,0,"3",5,0,0,0,0,0,0,0,0,3,0,2,0,0,0,0,0,0,0,0,0,0,0,0,0,0,0,0,0,0,0,0,0
38.245,-75.5036,"2018-05-21 00:00:00","handNet",21,5,2018,0,"3",2,0,0,0,0,0,2,0,0,0,2,0,0,0,0,0,0,0,0,0,0,0,0,0,0,0,0,0,0,0,0,0,0
38.245,-75.5036,"2018-05-21 00:00:00","panTrap",21,5,2018,1440,"3",14,2,0,1,0,0,0,0,1,0,2,0,0,0,0,0,0,0,0,0,0,0,0,0,0,0,0,0,0,0,0,0,0
38.245,-75.5036,"2018-07-02 00:00:00","handNet",2,7,2018,0,"3",1,1,0,0,0,2,0,0,0,0,3,0,1,0,0,0,0,0,0,0,0,0,0,0,0,0,0,0,0,0,0,0,0
38.245,-75.5036,"2018-07-02 00:00:00","panTrap",2,7,2018,1440,"3",1,0,7,0,0,0,0,0,0,0,0,0,0,0,0,0,0,0,0,0,0,0,0,0,0,0,0,0,0,0,0,0,0
38.245,-75.5036,"2018-08-27 00:00:00","handNet",27,8,2018,0,"3",1,2,0,0,0,0,0,0,0,0,0,0,0,0,0,0,0,0,0,0,0,0,0,0,0,0,0,0,0,0,0,0,0
38.245,-75.5036,"2018-08-27 00:00:00","panTrap",27,8,2018,1440,"3",2,0,4,0,0,0,0,0,0,0,0,0,0,0,0,0,0,0,0,0,0,0,0,0,0,0,0,0,0,0,0,0,0
38.6651,-76.9714,"2018-06-21 10:00:00","handNet",21,6,2018,120,"4",2,2,11,0,0,6,0,0,0,0,0,0,0,2,2,0,0,0,0,0,0,0,0,0,0,0,0,0,0,0,0,0,0
38.6663,-76.9726,"2018-06-21 00:00:00","handNet",21,6,2018,0,"5",0,2,6,0,0,0,0,0,0,0,0,0,0,0,0,2,1,0,0,0,0,0,0,0,0,0,0,0,0,0,0,0,0
38.6965,-76.2124,"2017-07-02 14:30:00","handNet",2,7,2017,90,"6",8,3,0,9,0,8,0,2,0,0,0,0,0,0,1,0,0,0,0,0,0,0,0,0,0,0,0,0,0,0,0,0,0
38.7059,-76.1887,"2017-07-02 13:30:00","handNet",2,7,2017,30,"7",2,0,0,0,0,1,0,0,0,0,0,0,0,0,0,0,0,0,0,0,0,0,0,0,0,0,0,0,0,0,0,0,0
38.7266,-75.9766,"2017-06-14 00:00:00","handNet",14,6,2017,0,"8",0,0,0,0,0,3,0,0,0,0,0,0,0,0,0,0,0,2,0,0,0,0,0,0,0,0,0,0,0,0,0,0,0
38.7266,-75.9766,"2017-06-27 00:00:00","handNet",27,6,2017,0,"8",0,0,0,0,0,2,0,0,0,0,0,0,0,0,0,0,0,0,0,0,0,0,0,0,0,0,0,0,0,0,0,0,0
38.7266,-75.9766,"2017-07-10 00:00:00","handNet",10,7,2017,0,"8",0,0,3,0,0,0,0,0,0,0,0,0,0,0,0,0,0,0,0,0,0,0,0,0,0,0,0,0,0,0,0,0,0
38.7266,-75.9766,"2017-07-25 00:00:00","handNet",25,7,2017,0,"8",0,0,0,0,0,2,0,0,0,0,0,0,0,0,0,0,0,0,0,0,0,0,0,0,0,0,0,0,0,0,0,0,0
38.7267,-75.9763,"2017-06-14 10:00:00","panTrap",14,6,2017,18720,"9",14,0,1,0,0,1,0,0,0,0,0,0,0,8,2,0,0,0,0,0,0,0,0,0,0,0,0,0,0,0,0,0,0
38.7267,-75.9763,"2017-06-27 10:00:00","panTrap",27,6,2017,18720,"9",15,2,4,2,0,3,0,0,0,0,0,0,0,9,83,0,0,0,1,1,1,0,0,0,0,0,0,0,0,0,0,0,0
38.7267,-75.9763,"2017-07-10 10:00:00","panTrap",10,7,2017,21600,"9",6,0,1,0,0,0,0,0,0,0,0,0,0,0,17,0,0,0,0,0,6,2,0,0,0,0,0,0,0,0,0,0,0
38.7267,-75.9763,"2017-07-25 10:00:00","panTrap",25,7,2017,20160,"9",4,1,1,0,0,1,0,0,0,0,0,0,0,0,1,0,0,0,0,0,0,0,1,0,0,0,0,0,0,0,0,0,0
38.7267,-75.9763,"2017-08-08 10:00:00","panTrap",8,8,2017,23040,"9",13,0,5,0,0,6,0,0,0,0,0,0,0,15,1,0,0,0,0,0,4,0,0,2,0,0,0,0,0,0,0,0,0
38.7267,-75.9763,"2017-08-24 10:00:00","panTrap",24,8,2017,17280,"9",9,0,2,0,0,2,0,0,0,0,0,0,0,4,0,0,0,0,0,0,2,0,0,0,0,0,0,0,0,0,0,0,0
38.7269,-75.976,"2017-06-14 00:00:00","handNet",14,6,2017,0,"10",0,0,0,0,0,2,0,0,0,0,0,0,0,0,0,0,0,0,0,0,0,0,0,0,0,0,0,0,0,0,0,0,0
38.7269,-75.976,"2017-06-27 00:00:00","handNet",27,6,2017,0,"10",0,0,0,0,0,4,0,0,0,0,0,0,0,0,0,0,0,0,0,0,0,0,0,0,0,0,0,0,0,0,0,0,0
38.7269,-75.976,"2017-07-10 00:00:00","handNet",10,7,2017,0,"10",0,0,0,0,0,4,0,0,0,0,0,0,0,0,0,0,0,0,0,0,0,0,0,0,0,0,0,0,0,0,0,0,0
38.7269,-75.976,"2017-07-25 00:00:00","handNet",25,7,2017,0,"10",0,0,0,0,0,1,0,0,0,0,0,0,0,0,0,0,0,0,0,0,0,0,0,0,0,0,0,0,0,0,0,0,0
38.7269,-75.976,"2017-08-08 00:00:00","handNet",8,8,2017,0,"10",0,0,2,0,0,8,0,0,0,0,0,0,0,0,1,0,0,0,0,0,0,0,0,0,0,0,0,0,0,0,0,0,0
38.7269,-75.976,"2017-08-22 00:00:00","handNet",22,8,2017,0,"10",0,0,0,0,0,1,0,0,0,0,0,0,0,1,0,0,0,0,0,0,0,0,0,0,5,0,0,0,0,0,0,0,0
38.7278,-75.977,"2017-06-27 00:00:00","handNet",27,6,2017,0,"11",0,0,0,0,0,4,0,0,0,0,0,0,0,0,0,0,0,0,0,0,0,0,0,0,0,1,0,0,0,0,0,0,0
38.7278,-75.977,"2017-07-10 00:00:00","handNet",10,7,2017,0,"11",0,0,0,0,0,2,0,0,0,0,0,0,0,0,2,0,0,0,0,0,0,0,0,0,0,0,0,0,0,0,0,0,0
38.7278,-75.977,"2017-08-08 00:00:00","handNet",8,8,2017,0,"11",0,1,1,0,0,2,0,0,0,0,0,0,0,0,0,0,0,0,0,0,0,0,0,0,0,0,0,0,0,0,0,0,0
38.7278,-75.977,"2017-08-22 00:00:00","handNet",22,8,2017,0,"11",2,0,0,0,0,1,0,0,0,0,0,0,0,1,0,0,0,0,0,0,0,0,0,0,0,0,0,0,0,0,0,0,0
38.7329,-76.1548,"2017-05-14 14:00:00","handNet",14,5,2017,30,"12",0,0,0,0,0,2,0,0,0,0,1,3,0,0,0,10,0,0,0,0,0,0,0,0,1,0,1,0,0,0,0,0,0
38.7528,-76.1688,"2018-08-19 13:45:00","handNet",19,8,2018,40,"13",0,3,0,0,0,2,0,0,0,0,1,0,0,0,0,0,0,0,0,0,0,0,0,0,1,1,0,2,0,0,0,0,0
38.7547,-76.2504,"2017-05-15 13:15:00","handNet",15,5,2017,30,"14",0,0,0,0,0,0,0,0,0,0,0,4,0,0,0,3,0,0,0,0,0,0,0,0,0,0,1,0,0,0,0,0,0
38.7598,-76.1485,"2018-08-19 14:30:00","handNet",19,8,2018,30,"15",0,0,0,0,0,3,0,0,0,0,0,0,0,0,0,0,0,0,0,0,0,0,0,0,0,0,0,1,0,0,0,0,0
38.7673,-76.8222,"2017-04-09 11:00:00","handNet",9,4,2017,30,"16",1,0,0,0,0,2,0,0,0,1,0,0,0,0,0,18,0,1,0,0,0,0,0,0,1,0,0,0,0,0,0,0,0
38.7694,-76.2091,"2017-05-14 12:30:00","handNet",14,5,2017,75,"17",0,0,5,1,0,1,0,0,0,0,1,44,0,0,0,3,0,0,0,0,0,0,2,0,1,0,0,0,4,15,0,0,0
38.7802,-76.2279,"2017-04-15 00:00:00","panTrap",15,4,2017,10080,"18",0,0,0,0,0,0,0,0,0,0,0,0,0,0,0,3,0,0,0,0,0,0,0,0,0,0,0,0,0,0,0,0,0
38.7802,-76.2279,"2017-04-28 00:00:00","panTrap",28,4,2017,5760,"18",1,0,0,0,0,0,0,0,0,0,0,0,0,0,0,0,0,0,0,0,0,0,0,0,1,0,0,0,0,0,0,0,0
38.7802,-76.2279,"2017-05-24 00:00:00","panTrap",24,5,2017,8640,"18",0,0,0,0,0,0,0,0,0,0,1,0,0,0,0,0,0,0,0,0,0,0,0,0,0,0,0,0,0,0,0,0,0
38.7802,-76.2279,"2017-06-22 00:00:00","panTrap",22,6,2017,5760,"18",0,0,0,0,0,0,0,0,0,0,1,0,0,0,0,0,0,0,0,0,0,0,0,0,0,0,0,0,0,0,0,0,0
38.7807,-76.7149,"2018-06-05 16:30:00","vaneTrap",5,6,2018,20160,"19",0,1,0,0,0,15,0,0,0,0,0,0,0,7,0,0,0,0,0,0,0,0,0,0,0,0,1,0,0,0,1,1,0
38.7807,-76.7149,"2018-06-19 16:00:00","vaneTrap",19,6,2018,23040,"19",5,0,0,16,0,28,0,0,0,0,2,0,5,4,2,0,0,0,2,0,63,0,0,0,0,0,0,0,0,0,0,7,0
38.7807,-76.7149,"2018-07-10 16:00:00","vaneTrap",10,7,2018,14400,"19",13,0,0,9,0,19,0,0,0,0,1,0,0,0,6,0,0,0,3,0,165,0,3,0,0,1,0,0,0,0,0,6,0
38.7807,-76.7149,"2018-07-20 16:30:00","vaneTrap",20,7,2018,12960,"19",3,0,0,0,0,23,0,0,0,0,0,0,1,0,4,0,0,0,0,0,36,0,0,0,0,1,0,0,0,0,0,0,0
38.7807,-76.7149,"2018-07-29 16:00:00","vaneTrap",29,7,2018,27360,"19",14,1,0,1,0,15,0,0,0,0,0,0,2,1,16,0,0,0,1,0,50,0,0,0,0,15,0,0,0,0,0,0,0
38.7807,-76.7149,"2018-08-17 16:00:00","vaneTrap",17,8,2018,61920,"19",0,0,0,0,0,2,0,0,0,0,0,0,0,0,44,0,1,0,0,0,8,0,0,0,0,0,0,0,0,0,0,0,0
38.7807,-76.7149,"2018-09-29 16:30:00","vaneTrap",29,9,2018,77820,"19",20,0,3,0,0,56,0,0,0,0,0,0,15,0,6,16,0,0,0,0,0,0,0,0,0,0,0,0,0,0,0,0,0
38.7807,-76.7149,"2018-11-23 16:00:00","vaneTrap",23,11,2018,66240,"19",5,0,0,0,0,0,0,0,0,0,0,0,0,0,0,0,0,0,0,0,0,0,0,0,0,0,0,0,0,0,0,0,0
38.7819,-76.7976,"2017-04-09 11:30:00","handNet",9,4,2017,30,"20",0,0,0,0,0,0,0,0,0,3,0,0,0,0,0,16,0,1,0,0,0,0,0,0,1,0,0,0,0,0,3,0,0
38.7822,-76.7158,"2018-06-05 16:30:00","vaneTrap",5,6,2018,20160,"21",75,0,1,1,0,11,0,0,0,0,0,0,0,1,0,0,0,0,2,0,2,0,0,0,0,0,1,0,0,0,0,0,0
38.7822,-76.7158,"2018-06-19 16:30:00","vaneTrap",19,6,2018,23040,"21",18,2,0,4,0,29,0,0,0,0,1,0,3,5,1,0,0,0,2,0,67,0,3,0,6,0,0,0,0,0,0,1,0
38.7822,-76.7158,"2018-07-10 16:30:00","vaneTrap",10,7,2018,14400,"21",13,4,0,56,0,20,0,0,0,0,1,0,0,3,3,0,0,0,0,0,101,0,1,0,0,0,0,0,0,0,0,2,0
38.7822,-76.7158,"2018-07-20 16:30:00","vaneTrap",20,7,2018,12960,"21",13,0,0,0,0,5,0,0,0,0,0,0,2,0,0,0,0,0,0,0,4,0,0,0,1,1,0,0,0,0,0,0,0
38.7822,-76.7158,"2018-07-29 16:30:00","vaneTrap",29,7,2018,27360,"21",44,0,0,1,0,4,0,0,0,0,0,0,0,0,16,0,0,0,0,0,22,0,2,0,0,3,0,0,0,0,0,0,0
38.7822,-76.7158,"2018-08-17 16:30:00","vaneTrap",17,8,2018,61920,"21",9,0,1,1,0,5,0,0,0,0,0,0,0,1,30,0,0,0,0,0,5,0,2,0,0,1,0,0,0,0,0,0,0
38.7822,-76.7158,"2018-09-29 16:30:00","vaneTrap",29,9,2018,77820,"21",19,0,2,2,0,15,0,0,0,0,4,0,3,0,3,0,0,0,0,0,0,0,1,0,0,0,0,0,0,0,1,0,0
38.7829,-76.0857,"2018-07-11 14:00:00","handNet",11,7,2018,25,"22",0,0,1,2,0,3,0,0,0,0,0,0,0,0,1,0,0,0,0,0,0,0,2,0,0,0,0,1,0,0,0,0,1
38.7842,-76.7025,"2018-04-04 17:30:00","vaneTrap",4,4,2018,7200,"23",0,0,0,0,0,0,0,0,0,2,0,0,0,0,0,0,0,0,0,0,0,0,0,0,0,0,0,0,0,0,0,0,0
38.7842,-76.7025,"2018-06-05 17:30:00","vaneTrap",5,6,2018,20160,"23",41,0,0,0,1,4,0,0,0,0,0,0,4,0,1,0,1,0,0,0,0,0,0,0,0,0,1,0,0,0,1,0,0
38.7842,-76.7025,"2018-06-19 17:30:00","vaneTrap",19,6,2018,23040,"23",59,0,1,10,0,18,0,0,0,0,4,0,54,0,0,0,0,0,0,0,5,0,1,0,0,0,0,0,0,0,0,0,0
38.7842,-76.7025,"2018-07-05 17:30:00","vaneTrap",5,7,2018,79200,"23",0,0,0,0,0,34,0,0,0,0,0,0,0,0,2,0,0,0,1,0,7,0,0,0,0,0,0,0,0,0,0,0,0
38.7842,-76.7025,"2018-07-15 17:30:00","vaneTrap",15,7,2018,20160,"23",46,0,0,14,0,0,0,0,0,0,0,0,30,1,0,0,0,0,0,0,0,0,0,0,0,0,0,0,0,0,0,0,0
38.7842,-76.7025,"2018-07-29 17:30:00","vaneTrap",29,7,2018,44640,"23",17,0,0,4,0,13,0,0,0,0,0,0,27,0,0,0,0,0,0,0,2,0,0,0,0,0,0,0,0,0,0,0,0
38.7842,-76.7025,"2018-09-29 17:30:00","vaneTrap",29,9,2018,77820,"23",13,0,0,0,0,8,0,0,0,0,0,0,9,0,1,0,0,0,0,0,0,0,0,0,2,0,0,0,0,0,0,0,0
38.7844,-76.7022,"2018-06-05 09:00:00","vaneTrap",5,6,2018,20640,"24",0,0,0,0,0,5,0,0,0,0,1,0,2,0,0,0,0,0,0,0,0,0,0,0,0,0,0,0,0,0,1,0,0
38.7844,-76.7022,"2018-06-19 09:00:00","vaneTrap",19,6,2018,23520,"24",1,0,0,1,0,0,0,0,0,0,1,0,5,0,0,0,0,0,0,0,2,0,0,0,0,0,0,0,0,0,0,0,0
38.7844,-76.7022,"2018-06-29 09:00:00","panTrap",29,6,2018,480,"24",0,0,0,0,0,0,0,0,0,0,1,0,0,0,0,0,0,0,0,0,0,0,0,0,0,0,0,0,0,0,0,0,0
38.7844,-76.7022,"2018-07-10 09:00:00","panTrap",10,7,2018,480,"24",5,0,2,8,0,0,0,0,0,0,1,0,0,0,0,0,0,0,0,0,0,0,0,0,0,0,0,0,0,0,0,0,0
38.7844,-76.7022,"2018-07-20 09:00:00","panTrap",20,7,2018,480,"24",0,0,0,0,0,0,0,0,0,0,0,0,1,0,0,0,0,0,0,0,2,0,0,0,0,0,0,0,0,0,0,0,0
38.7844,-76.7022,"2018-07-27 09:00:00","panTrap",27,7,2018,480,"24",1,0,0,0,0,0,0,0,0,0,0,0,1,0,0,0,0,0,0,0,0,0,0,0,0,0,0,0,0,0,0,0,0
38.7844,-76.7022,"2018-07-29 09:00:00","vaneTrap",29,7,2018,45120,"24",0,1,0,7,0,11,0,0,0,0,2,0,16,1,2,0,0,0,0,0,4,0,0,0,0,0,0,0,0,0,0,0,0
38.7844,-76.7022,"2018-08-17 09:00:00","vaneTrap",17,8,2018,62400,"24",0,0,1,0,0,1,0,0,0,0,1,0,3,0,0,0,0,0,0,0,0,0,0,0,0,0,0,0,0,0,0,0,0
38.7844,-76.7022,"2018-09-29 09:00:00","vaneTrap",29,9,2018,78300,"24",4,0,0,0,0,2,0,0,0,0,1,0,14,0,0,0,0,0,0,0,0,0,0,0,0,0,0,0,0,0,0,0,0
38.785,-76.7022,"2018-06-29 09:00:00","panTrap",29,6,2018,480,"25",1,0,0,0,0,0,0,0,0,0,0,0,0,0,0,0,0,0,0,0,0,0,0,0,0,0,0,0,0,0,0,0,0
38.785,-76.7022,"2018-07-10 09:00:00","panTrap",10,7,2018,480,"25",23,0,0,1,0,0,0,0,0,0,0,0,0,0,0,0,0,0,0,0,0,0,0,0,0,0,0,0,0,0,0,0,0
38.785,-76.7022,"2018-07-20 09:00:00","panTrap",20,7,2018,480,"25",43,0,0,0,0,0,0,0,0,0,0,0,0,0,0,0,0,0,0,0,0,0,0,0,0,0,0,0,0,0,0,0,0
38.785,-76.7022,"2018-07-27 09:00:00","panTrap",27,7,2018,480,"25",2,0,0,0,0,0,0,0,0,0,0,0,0,0,0,0,0,0,0,0,0,0,0,0,0,0,0,0,0,0,0,0,0
38.785,-76.7022,"2018-08-17 09:00:00","panTrap",17,8,2018,480,"25",5,0,0,1,0,2,0,0,0,0,0,0,1,0,2,0,0,0,0,0,0,0,0,0,0,0,0,0,0,0,0,0,0
38.785,-76.7022,"2018-09-21 09:00:00","panTrap",21,9,2018,480,"25",1,0,0,0,0,0,0,0,0,0,0,0,0,0,0,0,0,0,0,0,0,0,0,0,0,0,0,0,0,0,0,0,0
38.7856,-76.2415,"2018-08-19 14:15:00","handNet",19,8,2018,15,"26",0,4,0,0,0,2,0,0,0,0,0,0,1,0,0,0,0,1,0,0,0,0,0,0,1,0,0,0,0,0,0,0,0
38.7857,-76.2378,"2017-04-10 02:00:00","handNet",10,4,2017,30,"27",1,0,0,8,0,1,0,0,0,12,0,1,1,0,0,3,0,3,0,0,0,0,0,0,5,0,0,0,0,0,0,0,0
38.786,-76.2229,"2017-05-15 14:00:00","handNet",15,5,2017,45,"28",1,0,2,2,0,0,0,0,0,0,0,0,0,0,0,0,0,0,0,0,0,0,2,0,0,0,0,0,0,0,0,0,0
38.787,-76.235,"2017-04-02 10:29:00","handNet",2,4,2017,61,"29",0,0,0,0,0,2,0,0,0,9,0,0,0,0,0,0,0,0,0,0,0,0,0,0,0,0,0,0,0,0,0,0,0
38.7877,-76.235,"2017-04-10 11:15:00","handNet",10,4,2017,45,"30",1,0,0,3,0,3,0,0,0,8,0,0,4,0,0,0,0,7,0,0,0,0,0,0,0,0,0,0,0,0,0,0,0
38.7934,-76.6949,"2017-09-24 00:00:00","handNet",24,9,2017,0,"31",0,0,1,4,0,0,6,0,0,0,0,1,0,0,15,3,0,0,0,0,0,0,0,0,0,0,0,0,0,0,0,0,0
38.7939,-76.7214,"2018-06-19 16:00:00","vaneTrap",19,6,2018,23040,"32",2,1,0,0,0,27,0,0,0,0,0,0,0,1,2,0,0,0,4,0,144,0,0,0,1,0,11,0,0,0,0,0,0
38.7939,-76.7214,"2018-07-10 16:00:00","vaneTrap",10,7,2018,14400,"32",2,0,0,27,0,32,0,0,0,0,0,0,0,3,8,0,0,0,1,0,112,0,0,0,0,0,0,0,0,0,0,1,0
38.7939,-76.7214,"2018-07-20 16:00:00","vaneTrap",20,7,2018,12960,"32",2,0,0,0,0,5,0,0,0,0,0,0,0,0,1,0,0,0,0,0,6,0,0,0,0,0,0,0,0,0,0,0,0
38.7939,-76.7214,"2018-07-29 16:00:00","vaneTrap",29,7,2018,27360,"32",1,0,0,0,0,0,0,0,0,0,0,0,1,0,5,0,0,0,1,0,20,0,0,0,0,1,0,0,0,0,0,0,0
38.7939,-76.7214,"2018-08-17 16:00:00","vaneTrap",17,8,2018,61920,"32",0,0,0,0,0,2,0,0,0,0,0,0,0,0,27,0,0,0,1,0,7,0,0,0,1,0,0,0,0,0,0,0,0
38.7939,-76.7214,"2018-09-29 16:00:00","vaneTrap",29,9,2018,77820,"32",0,0,0,0,0,7,0,0,0,0,0,0,0,0,6,0,0,0,0,0,0,0,0,0,0,0,0,0,0,0,0,0,0
38.7942,-76.7211,"2018-06-19 08:00:00","panTrap",19,6,2018,3360,"33",11,0,0,1,0,0,0,0,0,0,0,0,0,0,0,0,0,0,0,0,0,0,0,0,0,0,0,0,0,0,0,0,0
38.7942,-76.7211,"2018-07-10 08:00:00","panTrap",10,7,2018,480,"33",11,0,0,3,0,0,0,0,0,0,0,0,0,0,0,0,0,0,0,0,0,0,0,0,0,0,0,0,0,0,0,0,0
38.7942,-76.7211,"2018-07-20 08:00:00","panTrap",20,7,2018,480,"33",0,0,0,0,0,0,0,0,0,0,0,0,1,0,0,0,0,0,2,0,0,0,0,0,0,0,0,0,0,0,0,0,0
38.7942,-76.7211,"2018-07-27 08:00:00","panTrap",27,7,2018,480,"33",20,0,0,3,0,0,0,0,0,0,0,0,1,0,1,0,0,0,0,0,0,0,0,0,0,0,0,0,0,0,0,0,0
38.7942,-76.7211,"2018-08-26 08:30:00","panTrap",26,8,2018,405,"33",2,0,0,0,0,0,0,0,0,0,0,0,0,0,0,0,0,0,0,0,0,0,0,0,0,0,0,0,0,0,0,0,0
38.7942,-76.7211,"2018-09-21 08:00:00","panTrap",21,9,2018,480,"33",1,0,0,0,0,0,0,0,0,0,0,0,0,0,0,0,0,0,0,0,0,0,0,0,0,0,0,0,0,0,0,0,0
38.7942,-76.7206,"2018-06-05 16:00:00","vaneTrap",5,6,2018,20160,"34",1,0,0,1,1,7,0,0,0,0,0,0,0,0,0,0,0,0,3,0,7,0,0,0,0,0,7,0,0,0,0,0,0
38.7942,-76.7206,"2018-06-19 16:00:00","vaneTrap",19,6,2018,23040,"34",5,0,0,2,2,16,0,0,0,0,0,0,0,0,5,0,0,0,2,0,189,0,0,0,0,0,0,0,0,0,0,0,0
38.7942,-76.7206,"2018-07-10 16:00:00","vaneTrap",10,7,2018,14400,"34",3,1,0,0,3,25,0,0,0,0,0,0,1,0,6,0,0,0,2,0,217,0,0,0,0,0,0,0,0,0,0,0,0
38.7942,-76.7206,"2018-07-29 16:00:00","vaneTrap",29,7,2018,27360,"34",4,0,0,0,0,4,0,0,0,0,0,0,1,1,0,12,0,0,0,0,19,0,0,0,1,0,0,0,0,0,0,0,0
38.7942,-76.7206,"2018-08-17 16:00:00","vaneTrap",17,8,2018,61920,"34",0,0,1,0,0,2,0,0,0,0,0,0,0,0,15,0,0,0,0,0,1,0,0,0,1,0,0,0,0,0,0,0,0
38.7942,-76.7206,"2018-09-29 16:00:00","vaneTrap",29,9,2018,77820,"34",0,0,0,0,0,43,0,0,0,0,0,0,0,0,7,0,0,0,0,0,0,0,0,0,1,0,0,0,0,0,0,0,0
38.7992,-76.7028,"2018-07-10 08:10:00","panTrap",10,7,2018,470,"35",27,0,0,2,0,0,0,0,0,0,1,0,0,0,0,0,0,0,4,0,0,0,0,0,0,0,0,0,0,0,0,0,0
38.7992,-76.7028,"2018-07-27 08:10:00","panTrap",27,7,2018,470,"35",19,0,0,0,0,0,0,0,0,0,0,0,1,0,0,0,0,0,0,0,0,0,0,0,0,0,0,0,0,0,0,0,0
38.8007,-76.6932,"2017-09-14 00:00:00","handNet",14,9,2017,0,"36",7,1,0,0,0,0,2,0,0,0,0,0,0,0,3,0,0,0,0,0,0,0,0,0,0,1,0,0,0,0,0,0,0
38.8011,-76.7022,"2018-06-05 15:30:00","vaneTrap",5,6,2018,20160,"37",0,0,0,0,0,8,0,0,0,0,0,0,3,0,0,0,0,0,0,0,0,0,0,0,0,0,1,0,0,0,0,0,0
38.8011,-76.7022,"2018-06-19 15:30:00","vaneTrap",19,6,2018,23040,"37",2,1,0,8,1,8,0,0,0,0,0,0,13,0,2,0,0,0,1,0,12,0,0,0,0,0,0,0,0,0,0,2,0
38.8011,-76.7022,"2018-07-10 15:30:00","vaneTrap",10,7,2018,14400,"37",1,0,0,2,0,12,0,0,0,0,2,0,10,0,4,0,0,0,3,0,29,0,0,0,0,0,0,0,0,0,0,1,0
38.8011,-76.7022,"2018-07-29 15:30:00","vaneTrap",29,7,2018,27360,"37",6,0,0,0,0,31,0,0,0,0,0,0,2,0,6,0,0,0,0,0,16,0,0,0,1,1,0,0,0,0,0,1,0
38.8011,-76.7022,"2018-08-17 15:30:00","vaneTrap",17,8,2018,61920,"37",0,0,0,0,0,4,0,0,0,0,0,0,0,0,4,0,0,0,0,0,0,0,0,0,0,2,0,0,0,0,0,0,0
38.8011,-76.7022,"2018-09-29 15:30:00","vaneTrap",29,9,2018,79260,"37",6,0,0,2,0,49,0,0,0,0,0,0,26,3,0,0,0,0,0,0,1,0,0,0,1,0,0,0,0,0,0,0,0
38.8014,-76.7033,"2018-06-05 15:30:00","vaneTrap",5,6,2018,20160,"38",0,0,0,0,4,22,0,0,0,0,0,0,0,0,0,0,0,0,1,0,0,0,0,0,1,0,3,0,0,0,0,0,0
38.8014,-76.7033,"2018-06-19 15:30:00","vaneTrap",19,6,2018,23040,"38",4,0,0,0,0,43,0,0,0,0,0,0,0,0,1,0,0,0,0,0,9,0,0,0,0,0,0,0,0,0,0,2,0
38.8014,-76.7033,"2018-07-10 07:30:00","vaneTrap",10,7,2018,14880,"38",4,0,0,0,0,93,0,0,0,0,0,0,2,0,2,0,0,0,3,0,10,0,0,0,2,0,0,0,0,0,0,1,0
38.8014,-76.7033,"2018-07-29 15:30:00","vaneTrap",29,7,2018,27360,"38",1,0,0,0,0,37,0,0,0,0,0,0,0,0,4,0,0,0,1,0,9,0,0,0,0,1,0,0,0,0,0,0,0
38.8014,-76.7033,"2018-08-17 15:30:00","vaneTrap",17,8,2018,61920,"38",1,0,0,0,0,8,0,0,0,0,0,0,0,0,9,0,0,0,0,0,1,0,0,0,0,0,0,0,0,0,0,0,0
38.8014,-76.7033,"2018-09-29 15:30:00","vaneTrap",29,9,2018,79260,"38",0,0,1,0,0,30,0,0,0,0,0,0,0,0,5,0,0,0,0,0,0,0,1,0,0,0,0,0,0,0,0,0,0
38.8014,-76.7033,"2018-11-23 15:30:00","vaneTrap",23,11,2018,66240,"38",1,0,0,0,0,0,0,0,0,0,0,0,0,0,0,0,0,0,0,0,0,0,0,0,0,0,0,0,0,0,0,0,0
38.8019,-76.945,"2018-06-07 18:30:00","handNet",7,6,2018,10,"39",0,0,0,0,0,4,0,0,0,0,0,0,0,0,0,0,0,0,0,0,0,0,0,0,0,0,0,0,0,0,0,0,0
38.8026,-76.6918,"2017-08-26 00:00:00","handNet",26,8,2017,0,"40",0,0,0,0,0,0,0,0,0,0,0,0,0,0,0,0,0,0,0,0,0,5,0,0,0,10,0,0,0,0,0,0,0
38.8026,-76.6918,"2017-09-14 00:00:00","handNet",14,9,2017,0,"40",0,0,0,0,0,0,0,0,0,0,0,0,0,0,5,0,0,0,0,0,0,1,0,0,0,0,0,0,0,0,0,0,0
38.8026,-76.6918,"2017-09-17 00:00:00","handNet",17,9,2017,0,"40",0,1,5,2,0,0,6,0,0,0,0,0,0,0,2,0,0,1,0,0,0,0,0,0,0,0,0,0,0,0,0,0,0
38.8026,-76.6888,"2017-09-17 00:00:00","handNet",17,9,2017,0,"41",0,1,1,0,0,1,1,0,0,0,1,0,0,0,1,2,0,0,0,0,0,0,0,0,0,1,0,0,0,0,0,0,0
38.8026,-76.6888,"2017-09-24 00:00:00","handNet",24,9,2017,0,"41",0,2,1,0,0,1,0,0,0,0,0,0,0,0,2,4,0,0,0,0,0,0,0,0,0,0,0,0,0,0,0,0,0
38.8045,-76.6892,"2017-09-17 00:00:00","handNet",17,9,2017,0,"42",0,0,1,0,0,0,0,0,0,0,0,0,0,0,0,0,0,0,0,0,0,0,0,2,0,0,0,0,0,0,0,0,0
38.8045,-76.6892,"2017-09-24 00:00:00","handNet",24,9,2017,0,"42",0,0,0,0,0,0,0,0,0,0,0,0,0,0,1,0,0,0,0,0,0,0,1,0,0,0,0,0,0,0,0,0,0
38.8133,-76.074,"2018-04-30 12:45:00","handNet",30,4,2018,20,"43",4,0,0,0,0,2,0,0,0,0,1,0,0,0,0,15,0,0,0,0,0,0,0,0,0,0,0,0,0,0,0,0,0
38.8211,-76.1547,"2018-08-17 12:05:00","handNet",17,8,2018,5,"44",0,2,0,0,0,0,0,0,0,0,0,0,1,0,0,0,0,0,0,0,0,0,0,0,2,0,0,0,0,0,0,0,0
38.8243,-76.041,"2018-04-15 12:45:00","handNet",15,4,2018,15,"45",0,0,0,2,0,0,0,0,0,2,0,0,0,0,0,17,0,0,0,0,0,0,0,0,0,0,0,0,0,0,0,0,0
38.8453,-76.6884,"2017-08-26 00:00:00","handNet",26,8,2017,0,"46",0,0,0,0,0,0,0,0,0,0,0,0,0,0,1,0,0,0,0,0,0,0,0,0,0,0,0,0,0,0,0,0,0
38.8561,-76.6861,"2017-08-26 00:00:00","handNet",26,8,2017,0,"47",1,0,0,0,0,0,0,0,0,0,0,0,0,0,2,0,0,1,0,0,0,0,0,0,0,0,0,0,0,0,0,0,0
38.859,-76.1294,"2018-08-17 09:30:00","handNet",17,8,2018,90,"48",8,6,0,1,0,2,0,2,0,0,0,0,0,0,8,0,0,0,0,0,1,0,1,0,1,2,0,0,0,0,0,0,0
38.8613,-76.0594,"2018-04-30 13:20:00","handNet",30,4,2018,15,"49",23,0,3,0,0,3,0,0,0,2,0,0,0,0,0,45,0,0,0,0,0,0,0,0,5,0,0,0,0,0,0,0,0
38.8615,-76.6802,"2017-08-26 00:00:00","handNet",26,8,2017,0,"50",0,0,0,0,0,0,0,0,0,0,0,0,0,0,0,0,0,0,0,0,0,0,0,3,0,2,0,0,0,0,0,0,0
38.8615,-76.6802,"2017-09-14 00:00:00","handNet",14,9,2017,0,"50",0,0,0,0,0,0,3,0,0,0,0,0,0,1,0,1,0,0,0,0,0,0,0,6,0,1,0,0,0,0,0,0,0
38.8639,-75.9696,"2017-05-28 13:20:00","handNet",28,5,2017,20,"51",2,2,0,5,0,0,0,0,0,0,0,0,0,0,0,3,0,1,0,1,0,0,0,0,0,0,0,0,0,0,0,0,0
38.8779,-76.6683,"2017-08-13 15:00:00","handNet",13,8,2017,80,"52",2,15,0,1,0,5,0,0,0,0,0,0,0,0,4,0,1,0,0,0,0,1,0,2,1,8,0,0,0,0,0,0,0
38.878,-76.6741,"2018-07-14 00:00:00","handNet",14,7,2018,0,"53",6,4,1,1,0,5,0,0,0,0,0,0,0,2,1,0,0,0,0,0,0,0,0,0,0,1,0,0,0,0,0,0,0
38.879,-76.6653,"2017-08-26 00:00:00","handNet",26,8,2017,0,"54",0,3,0,0,0,0,0,0,0,0,0,0,0,0,2,0,0,0,0,0,0,0,0,2,0,0,0,0,0,0,0,0,0
38.8879,-76.6653,"2017-09-14 00:00:00","handNet",14,9,2017,0,"55",0,1,0,0,0,0,11,0,0,0,0,0,0,0,0,0,0,0,0,0,0,0,0,3,0,0,0,0,0,0,0,0,0
38.8879,-76.6653,"2017-09-17 00:00:00","handNet",17,9,2017,0,"55",0,1,0,0,0,0,1,0,0,0,0,0,0,0,19,0,0,0,0,0,0,0,0,4,0,0,0,0,0,0,0,0,0
38.8879,-76.6653,"2017-09-24 00:00:00","handNet",24,9,2017,0,"55",0,1,0,0,0,0,1,0,0,0,0,0,3,0,4,0,0,0,0,0,0,0,0,2,0,0,0,0,0,0,0,0,0
38.8997,-76.6779,"2017-07-17 14:00:00","handNet",17,7,2017,13,"56",9,3,25,2,0,9,0,1,0,0,0,0,0,0,6,0,0,0,0,1,1,1,0,0,0,14,0,0,0,0,0,0,0
38.8997,-76.6778,"2017-04-19 00:00:00","handNet",19,4,2017,0,"57",0,0,0,0,0,0,0,0,0,0,0,0,0,0,0,0,0,0,0,0,0,0,0,0,0,0,0,0,0,0,23,0,0
38.8998,-76.6779,"2018-09-03 00:00:00","handNet",3,9,2018,0,"58",0,0,12,1,0,3,0,1,0,0,0,0,1,0,0,0,0,0,0,0,0,0,0,1,0,2,0,0,0,0,0,0,0
38.9004,-76.6768,"2017-04-09 09:00:00","handNet",9,4,2017,15,"59",0,0,0,0,0,2,0,0,0,1,0,2,0,0,0,3,0,0,0,0,0,0,0,0,0,0,0,0,0,0,0,0,0
38.9519,-76.0855,"2017-04-17 17:00:00","handNet",17,4,2017,20,"60",3,0,0,19,0,0,0,0,0,0,0,0,0,0,0,104,0,1,0,0,0,0,0,0,1,0,0,0,0,0,0,0,0
38.9825,-76.5647,"2017-04-20 00:00:00","panTrap",20,4,2017,27360,"61",0,0,0,1,0,0,0,0,0,0,0,1,0,0,0,0,0,0,0,0,0,0,0,0,0,0,0,0,0,0,0,0,0
38.9875,-76.94,"2017-04-12 00:00:00","handNet",12,4,2017,0,"62",0,0,0,0,0,2,0,0,0,3,0,0,0,0,0,11,0,2,0,0,0,0,0,0,1,0,0,0,0,0,1,0,0
38.9875,-76.94,"2017-05-24 00:00:00","handNet",24,5,2017,0,"62",0,0,0,0,0,0,0,0,0,0,0,0,0,0,0,1,0,0,0,0,0,0,0,0,0,0,0,0,0,0,0,0,0
38.9875,-76.94,"2017-06-19 00:00:00","handNet",19,6,2017,0,"62",1,0,0,0,0,14,0,0,0,0,0,0,0,0,0,0,0,0,0,0,2,0,0,0,0,0,0,0,0,0,0,0,0
38.9875,-76.94,"2017-06-27 00:00:00","handNet",27,6,2017,0,"62",0,0,0,0,0,3,0,0,0,0,0,0,0,0,0,0,0,0,0,0,8,0,0,0,0,0,0,0,0,0,0,0,0
38.9875,-76.94,"2017-07-11 00:00:00","panTrap",11,7,2017,0,"62",1,1,2,7,0,0,0,0,0,0,2,0,0,0,0,0,0,0,0,0,1,0,0,0,0,0,0,0,0,0,0,0,0
38.9875,-76.94,"2017-07-17 00:00:00","handNet",17,7,2017,0,"62",2,6,4,2,0,9,0,0,0,0,1,0,1,0,0,0,0,0,0,0,0,0,0,0,3,0,0,0,0,0,0,0,3
38.9875,-76.94,"2017-07-24 00:00:00","handNet",24,7,2017,0,"62",0,6,6,0,0,9,0,0,0,0,0,0,0,0,0,0,0,0,0,0,2,0,0,0,0,0,0,0,0,0,0,0,2
38.9875,-76.94,"2017-07-25 00:00:00","panTrap",25,7,2017,0,"62",17,0,7,3,0,3,0,0,0,0,13,0,0,0,0,0,0,0,0,0,1,0,1,0,0,0,0,0,5,0,0,0,0
38.9875,-76.94,"2017-08-02 00:00:00","handNet",2,8,2017,0,"62",0,2,4,0,0,4,0,0,0,0,1,0,0,0,0,0,0,0,0,0,0,0,0,0,1,0,0,0,0,0,0,0,1
38.9875,-76.94,"2017-08-09 00:00:00","panTrap",9,8,2017,0,"62",1,0,0,1,0,0,0,0,0,0,0,0,0,0,0,0,0,0,0,0,0,0,0,0,0,0,0,0,0,0,0,0,0
38.9875,-76.94,"2017-08-10 00:00:00","handNet",10,8,2017,0,"62",0,1,0,0,0,1,0,0,0,0,0,0,0,0,0,0,0,0,0,0,0,0,0,0,0,0,0,0,0,0,0,0,0
38.9875,-76.94,"2017-08-14 00:00:00","handNet",14,8,2017,0,"62",1,0,0,0,0,19,0,0,0,0,0,0,1,0,0,0,0,0,0,0,0,0,0,0,1,0,0,0,0,0,0,0,0
38.9875,-76.94,"2017-08-28 00:00:00","handNet",28,8,2017,0,"62",7,3,3,0,0,5,0,0,0,0,0,0,0,0,0,0,0,0,0,0,0,0,0,0,3,0,0,0,0,0,0,0,1
38.9875,-76.94,"2018-05-01 00:00:00","handNet",1,5,2018,0,"62",0,0,0,0,0,0,0,0,0,0,0,0,0,0,0,0,0,0,0,0,0,0,0,0,2,0,0,0,0,0,0,0,0
38.9875,-76.94,"2018-05-31 00:00:00","handNet",31,5,2018,0,"62",0,0,0,0,0,6,0,0,0,0,0,0,0,0,0,0,0,0,0,0,0,0,1,0,0,0,0,0,0,0,0,0,0
38.9875,-76.94,"2018-07-06 00:00:00","handNet",6,7,2018,0,"62",0,0,0,0,0,9,0,0,0,0,0,0,0,0,0,0,0,0,0,0,2,0,0,0,0,0,0,0,0,0,0,0,0
38.9932,-76.9442,"2018-08-08 00:00:00","handNet",8,8,2018,0,"63",14,4,9,0,0,0,0,2,0,0,0,0,0,0,0,0,0,0,0,0,0,0,3,0,0,0,0,0,0,0,0,0,6
38.9941,-76.9419,"2017-04-04 00:00:00","panTrap",4,4,2017,1440,"64",0,0,0,21,0,0,0,0,0,10,1,2,0,0,0,4,0,0,0,0,0,0,0,0,0,0,0,0,0,0,0,0,0
38.9941,-76.9419,"2017-04-19 00:00:00","panTrap",19,4,2017,1440,"64",1,0,0,0,0,0,0,0,0,0,0,0,0,0,0,0,0,0,0,0,0,0,0,0,0,0,0,0,0,0,0,0,0
38.9941,-76.9419,"2017-05-02 00:00:00","panTrap",2,5,2017,1440,"64",1,0,1,12,0,0,0,0,1,1,18,0,0,0,0,1,0,0,0,0,0,0,0,0,0,0,0,0,0,0,0,0,0
38.9944,-76.9416,"2017-04-21 00:00:00","handNet",21,4,2017,0,"65",0,0,0,0,0,0,0,0,0,0,0,0,0,0,0,0,0,0,0,0,0,0,0,0,0,0,0,0,0,0,3,0,0
38.9946,-76.9416,"2017-04-19 00:00:00","panTrap",19,4,2017,1440,"66",0,0,0,0,0,0,0,0,0,3,0,1,0,0,0,0,0,0,0,0,0,0,0,0,0,0,0,0,0,0,0,0,0
38.9946,-76.9416,"2017-07-08 00:00:00","vaneTrap",8,7,2017,1440,"66",0,0,0,0,0,4,0,0,0,0,0,0,0,0,0,0,0,0,0,0,4,0,0,0,0,0,0,0,0,0,0,0,0
38.9946,-76.9416,"2017-07-19 00:00:00","vaneTrap",19,7,2017,1440,"66",0,0,0,0,0,1,0,0,0,0,0,0,0,0,0,0,0,0,0,0,0,0,0,0,0,0,0,0,0,0,0,0,0
38.9946,-76.9416,"2017-07-27 00:00:00","panTrap",27,7,2017,1440,"66",10,0,0,0,0,1,0,0,0,0,6,0,0,0,0,0,0,0,0,0,0,0,0,0,0,0,0,0,0,0,0,0,0
38.9946,-76.9416,"2017-08-20 00:00:00","vaneTrap",20,8,2017,1440,"66",0,0,0,0,0,1,0,0,0,0,0,0,0,0,0,0,0,0,0,0,0,0,0,0,0,0,0,0,0,0,0,0,0
38.9946,-76.9416,"2017-08-24 00:00:00","panTrap",24,8,2017,1440,"66",10,1,0,0,0,1,0,0,0,0,5,0,0,0,0,0,0,0,0,0,0,0,0,0,0,0,0,0,0,0,0,0,0
38.9946,-76.9416,"2017-09-08 00:00:00","panTrap",8,9,2017,1440,"66",1,0,0,0,0,0,0,0,0,0,0,0,0,0,0,0,0,0,0,0,0,0,0,0,0,0,0,0,0,0,0,0,2
38.9946,-76.9416,"2017-09-17 00:00:00","vaneTrap",17,9,2017,1440,"66",0,0,0,0,0,0,0,0,0,0,0,0,0,0,0,0,0,0,0,0,1,0,0,0,0,0,0,0,0,0,0,0,1
38.9946,-76.9416,"2017-10-14 00:00:00","vaneTrap",14,10,2017,1440,"66",0,0,0,0,0,0,0,0,0,0,0,0,0,0,0,0,0,0,0,0,0,0,0,0,1,0,0,0,0,0,0,0,0
38.9946,-76.9416,"2017-10-27 00:00:00","panTrap",27,10,2017,1440,"66",1,0,2,0,0,0,0,0,0,0,1,0,0,1,0,0,0,0,0,0,0,0,0,0,0,0,0,0,0,0,0,0,0
38.9946,-76.9416,"2017-11-11 00:00:00","vaneTrap",11,11,2017,1440,"66",1,0,0,0,0,0,0,0,0,0,0,0,0,0,0,0,0,0,0,0,0,0,0,0,0,0,0,0,0,0,0,0,0
38.9952,-76.9433,"2017-04-14 00:00:00","panTrap",14,4,2017,1440,"67",0,0,0,1,0,0,0,0,0,2,0,0,0,0,0,0,0,0,0,0,0,0,0,0,0,0,0,0,0,0,0,0,0
39.0055,-75.8223,"2017-06-13 10:00:00","panTrap",13,6,2017,21600,"68",55,0,3,4,1,5,0,0,0,0,2,0,0,8,11,0,0,0,0,0,0,0,0,0,2,0,2,0,0,0,0,0,0
39.0055,-75.8223,"2017-06-28 10:00:00","panTrap",28,6,2017,18720,"68",10,0,0,3,0,1,0,0,0,0,0,0,0,3,90,0,1,0,0,0,1,1,0,0,0,0,0,0,0,0,0,0,0
39.0055,-75.8223,"2017-07-11 10:00:00","panTrap",11,7,2017,20160,"68",11,0,0,1,0,8,0,0,0,0,0,0,0,7,52,0,0,0,0,0,1,0,0,0,0,2,0,0,0,0,0,0,0
39.0055,-75.8223,"2017-07-25 10:00:00","panTrap",25,7,2017,20160,"68",7,0,1,1,0,8,0,0,0,0,0,0,0,6,7,0,0,0,0,0,1,0,0,0,1,0,0,0,0,0,0,0,0
39.0055,-75.8223,"2017-08-08 10:00:00","panTrap",8,8,2017,21600,"68",17,0,1,1,0,8,0,0,0,0,0,0,0,6,12,0,0,0,0,0,2,0,0,0,0,0,0,0,0,0,0,0,0
39.0055,-75.8223,"2017-08-23 10:00:00","panTrap",23,8,2017,18720,"68",8,0,0,0,0,0,0,0,0,0,0,0,0,0,1,0,0,0,0,0,0,0,0,0,0,0,0,0,0,0,0,0,0
39.006,-75.848,"2017-07-11 00:00:00","handNet",11,7,2017,0,"69",0,0,0,0,0,5,0,0,0,0,0,0,0,0,0,0,0,0,0,0,0,0,0,0,1,0,0,0,0,0,0,0,0
39.006,-75.848,"2017-07-25 00:00:00","handNet",25,7,2017,0,"69",0,0,0,0,0,2,0,0,0,0,0,0,0,0,0,0,0,0,0,0,0,0,0,0,0,0,0,0,0,0,0,0,0
39.006,-75.848,"2017-08-08 00:00:00","handNet",8,8,2017,0,"69",0,0,0,0,0,1,0,0,0,0,0,0,0,0,0,0,0,0,0,0,0,0,0,0,0,0,0,0,0,0,0,0,0
39.0065,-75.8208,"2017-06-28 00:00:00","handNet",28,6,2017,0,"70",0,0,0,0,0,1,0,0,0,0,0,0,0,0,0,0,0,0,0,0,0,0,0,0,0,0,0,0,0,0,0,0,0
39.0065,-75.8208,"2017-06-28 10:00:00","panTrap",28,6,2017,18720,"70",25,2,3,3,0,1,0,0,0,0,3,0,0,1,8,0,0,0,0,0,0,1,1,0,0,0,0,0,0,0,0,0,0
39.0065,-75.8208,"2017-07-11 00:00:00","handNet",11,7,2017,0,"70",0,0,1,0,0,0,0,0,0,0,0,0,0,0,1,0,0,0,0,0,0,0,0,0,0,0,0,0,0,0,0,0,0
39.0065,-75.8208,"2017-07-11 10:00:00","panTrap",11,7,2017,20160,"70",7,0,2,0,0,0,0,0,0,0,2,0,0,0,11,0,1,0,0,0,0,0,0,0,0,0,0,0,0,0,0,0,0
39.0065,-75.8208,"2017-07-25 10:00:00","panTrap",25,7,2017,20160,"70",13,1,3,0,0,3,0,0,0,0,0,0,0,1,2,0,1,0,0,0,0,0,0,0,0,0,0,0,0,0,0,0,0
39.0065,-75.8208,"2017-08-08 00:00:00","handNet",8,8,2017,0,"70",0,0,0,0,0,16,0,0,0,0,0,0,0,0,0,0,0,0,0,0,0,0,0,0,0,0,0,0,0,0,0,0,0
39.0065,-75.8208,"2017-08-08 10:00:00","panTrap",8,8,2017,21600,"70",17,0,4,1,0,1,0,0,0,0,1,0,0,0,2,0,0,0,0,0,0,0,1,0,0,0,0,0,0,0,0,0,0
39.0065,-75.8208,"2017-08-23 00:00:00","handNet",23,8,2017,0,"70",0,0,1,0,0,1,0,0,0,0,0,0,0,0,0,0,0,0,0,0,0,0,0,0,4,0,0,0,0,0,0,0,0
39.0065,-75.8208,"2017-08-23 10:00:00","panTrap",23,8,2017,18720,"70",6,0,2,0,0,1,0,0,0,0,0,0,0,0,0,0,0,0,0,0,0,0,1,0,0,0,0,0,0,0,0,0,0
39.0072,-75.8206,"2017-06-28 00:00:00","handNet",28,6,2017,0,"71",0,0,0,0,0,2,0,0,0,0,0,0,0,0,0,0,0,0,0,0,0,0,0,0,0,0,0,0,0,0,0,0,0
39.0072,-75.8206,"2017-07-11 00:00:00","handNet",11,7,2017,0,"71",0,0,3,0,0,0,0,0,0,0,0,0,0,0,4,0,0,0,0,0,0,0,0,0,0,0,0,0,0,0,0,0,0
39.0072,-75.8206,"2017-07-25 00:00:00","handNet",25,7,2017,0,"71",0,0,0,0,0,1,0,0,0,0,0,0,0,0,0,0,0,0,0,0,0,1,0,0,0,1,0,0,0,0,0,0,0
39.0072,-75.8206,"2017-08-08 00:00:00","handNet",8,8,2017,0,"71",0,0,0,0,0,16,0,0,0,0,0,0,0,0,0,0,0,0,0,0,0,0,0,0,0,0,0,0,0,0,0,0,0
39.0072,-75.8206,"2017-08-23 00:00:00","handNet",23,8,2017,0,"71",0,0,0,0,0,1,0,0,0,0,0,0,0,0,1,0,0,1,0,0,0,0,0,0,9,0,0,0,0,0,0,0,0
39.0129,-76.7537,"2018-05-05 00:00:00","handNet",5,5,2018,0,"72",1,0,0,0,0,0,0,0,0,0,1,0,2,0,0,65,0,0,0,0,0,0,0,0,0,0,0,0,0,0,0,0,0
39.0305,-76.7859,"2018-05-29 15:30:00","handNet",29,5,2018,30,"73",0,1,1,0,0,2,0,0,0,0,0,0,0,0,0,1,0,0,0,0,0,0,0,0,0,0,0,0,0,62,0,0,0
39.032,-76.8738,"2017-06-29 10:15:00","handNet",29,6,2017,21,"74",1,2,7,0,0,4,0,0,0,0,0,0,0,1,0,0,0,0,0,0,0,0,0,0,0,0,0,0,0,0,0,0,2
39.0321,-76.7877,"2018-06-04 12:30:00","handNet",4,6,2018,30,"75",0,2,8,0,0,2,0,2,0,0,0,0,0,0,0,2,2,0,0,0,0,0,0,0,0,0,0,0,0,0,0,0,0
39.0324,-76.787,"2018-06-01 00:00:00","handNet",1,6,2018,0,"76",0,1,6,0,0,1,0,0,0,0,0,0,0,1,0,4,0,0,0,0,0,0,0,0,0,0,0,0,0,4,0,0,0
39.0347,-76.8749,"2017-07-04 10:30:00","handNet",4,7,2017,15,"77",0,5,0,0,0,13,0,0,0,0,0,0,0,0,0,0,0,0,0,0,0,0,0,0,0,0,0,0,0,0,0,0,0
39.0353,-76.7768,"2018-04-18 00:00:00","handNet",18,4,2018,0,"78",0,0,0,1,0,1,0,0,0,5,0,0,0,0,0,5,0,0,0,0,0,0,0,0,0,0,0,0,0,0,2,0,0
39.0355,-76.7895,"2018-05-24 12:30:00","handNet",24,5,2018,40,"79",0,0,0,3,0,1,0,0,0,1,0,5,0,0,0,1,0,0,0,0,0,0,0,0,0,0,0,0,0,0,0,0,0
39.0355,-76.7895,"2018-05-25 12:00:00","handNet",25,5,2018,30,"79",1,0,0,0,0,0,0,0,0,0,0,0,0,0,0,1,0,0,0,0,0,0,0,0,0,0,0,0,0,0,0,0,0
39.0356,-76.7897,"2018-08-07 09:00:00","panTrap",7,8,2018,1440,"80",14,1,0,0,0,0,0,0,0,0,38,0,3,2,1,0,0,0,0,0,0,0,0,0,0,0,0,0,1,0,0,0,0
39.0356,-76.7897,"2018-10-17 11:00:00","panTrap",17,10,2018,1530,"80",7,0,0,0,0,1,0,0,0,0,1,0,0,3,0,0,0,0,0,0,0,0,0,0,0,0,0,0,0,0,0,0,0
39.0358,-76.7883,"2018-05-25 08:30:00","panTrap",25,5,2018,600,"81",3,0,2,2,0,0,0,0,0,0,3,0,0,4,0,0,0,0,0,0,0,0,0,0,0,0,1,0,0,0,0,0,0
39.0363,-77.1587,"2018-09-04 00:00:00","handNet",4,9,2018,0,"82",2,0,11,2,0,4,0,0,0,0,2,0,0,0,1,0,0,0,0,0,0,0,3,0,1,0,0,0,0,0,0,0,4
39.0363,-77.1586,"2018-06-17 14:15:00","handNet",17,6,2018,40,"83",8,17,5,3,0,8,0,0,1,0,2,0,0,0,0,1,0,0,0,0,0,0,0,0,0,0,0,2,0,0,0,0,6
39.0363,-77.1586,"2018-06-30 14:05:00","handNet",30,6,2018,35,"83",0,17,9,0,0,6,0,3,0,0,1,0,0,0,0,0,0,0,0,0,0,0,0,0,0,0,0,4,0,0,0,0,1
39.0365,-76.7893,"2018-07-02 13:00:00","panTrap",2,7,2018,1440,"84",21,0,0,0,0,1,0,0,0,0,16,0,0,2,0,0,0,0,0,0,0,0,0,0,0,0,0,0,0,0,0,1,0
39.0365,-76.7893,"2018-07-03 13:00:00","panTrap",3,7,2018,1440,"84",33,0,2,1,2,0,0,0,0,0,14,0,1,1,0,0,0,0,0,0,0,0,0,0,0,0,0,0,0,0,0,3,0
39.0365,-76.7887,"2018-06-04 12:30:00","handNet",4,6,2018,1440,"85",7,1,0,1,0,0,0,0,1,0,6,0,0,6,0,1,0,0,0,0,0,0,0,0,0,0,0,0,1,0,0,0,0
39.0367,-76.7893,"2018-07-09 12:30:00","panTrap",9,7,2018,1410,"86",5,0,0,0,1,0,0,0,0,0,30,0,0,2,0,0,0,0,0,0,0,0,0,0,0,0,0,0,0,0,0,2,0
39.0367,-76.7893,"2018-07-17 10:00:00","panTrap",17,7,2018,1440,"86",4,1,1,0,1,1,0,0,0,0,23,0,1,3,2,0,0,0,0,0,1,0,0,0,0,1,0,0,0,0,0,0,0
39.0368,-76.7894,"2018-07-19 12:00:00","panTrap",19,7,2018,1440,"87",31,3,2,10,1,0,0,0,0,0,43,0,1,3,2,0,0,0,0,0,0,0,0,0,0,0,0,0,0,0,0,0,0
39.037,-76.7894,"2018-04-16 00:00:00","panTrap",16,4,2018,10080,"88",8,0,0,2,0,0,0,0,0,32,12,1,0,0,0,65,0,0,0,0,0,0,0,0,0,0,0,0,0,0,0,0,0
39.037,-76.7894,"2018-04-26 15:00:00","handNet",26,4,2018,15,"88",5,0,0,0,0,0,0,0,0,0,0,1,0,0,0,2,0,0,0,0,0,0,0,0,0,0,0,0,0,0,0,0,0
39.037,-76.7894,"2018-08-29 14:00:00","handNet",29,8,2018,15,"88",0,0,0,1,0,4,0,0,0,0,0,0,0,0,1,0,0,0,0,0,0,3,0,0,0,0,0,0,0,0,0,0,0
39.0374,-76.789,"2018-05-24 10:00:00","panTrap",24,5,2018,1440,"89",6,0,1,3,0,0,0,0,0,0,6,0,0,3,0,0,0,0,0,0,0,0,0,0,0,0,0,0,1,0,0,0,0
39.0494,-76.8036,"2018-08-09 10:00:00","panTrap",9,8,2018,1545,"90",26,0,0,2,0,0,0,0,0,0,17,0,0,2,3,0,0,0,0,0,0,0,0,0,0,0,0,0,0,0,0,0,0
39.0494,-76.7893,"2018-08-23 09:30:00","panTrap",23,8,2018,1410,"91",18,0,1,2,0,2,0,0,0,0,5,0,0,2,6,0,0,0,0,0,0,1,0,0,0,0,0,0,3,0,0,0,0
39.0494,-76.7893,"2018-10-03 14:00:00","panTrap",3,10,2018,1440,"91",4,0,0,1,0,0,0,0,0,0,2,0,0,2,0,0,0,0,0,0,0,0,0,0,0,0,0,0,0,0,0,0,0
39.0494,-76.7893,"2018-10-04 14:00:00","panTrap",4,10,2018,1440,"91",1,0,0,1,0,0,0,0,0,0,0,0,0,0,1,0,0,0,0,0,0,0,0,0,0,0,0,0,0,0,0,0,0
39.0776,-76.7718,"2018-06-15 16:30:00","handNet",15,6,2018,30,"92",1,10,0,0,0,9,0,0,1,0,0,0,0,0,0,0,0,0,0,0,0,0,0,0,0,0,0,0,0,0,0,0,0
39.0776,-76.7718,"2018-06-16 16:40:00","handNet",16,6,2018,20,"92",1,0,0,0,0,5,0,0,0,0,0,0,0,0,0,0,0,0,0,0,0,0,0,0,1,0,0,0,0,0,0,0,0
39.0813,-76.7993,"2018-06-15 15:30:00","panTrap",15,6,2018,1440,"93",13,0,0,0,0,0,0,0,0,0,1,0,0,0,0,0,0,0,0,0,0,0,0,0,0,0,0,0,3,0,0,0,0
39.0815,-76.7891,"2018-06-15 15:50:00","panTrap",15,6,2018,1440,"94",15,1,1,0,0,0,0,0,0,0,3,0,0,0,0,0,1,0,0,0,0,0,0,0,0,0,0,0,1,0,0,0,0
39.0833,-76.784,"2018-06-15 15:45:00","handNet",15,6,2018,30,"95",7,2,0,2,0,0,0,0,0,0,0,0,0,0,0,0,0,0,0,0,0,0,0,0,0,0,0,0,11,0,0,0,0
39.0836,-76.8066,"2018-06-15 14:50:00","panTrap",15,6,2018,1440,"96",23,4,0,0,0,1,0,0,0,0,0,0,0,2,0,0,0,0,0,0,0,0,0,0,0,0,0,0,1,0,1,0,0
39.0839,-76.8042,"2018-06-15 15:10:00","panTrap",15,6,2018,1440,"97",21,1,1,0,0,0,0,0,1,0,1,0,0,2,0,0,0,0,0,0,0,0,0,0,0,0,0,0,5,0,0,0,0
39.0851,-76.805,"2018-06-15 14:30:00","panTrap",15,6,2018,1440,"98",19,1,0,0,0,0,0,0,0,1,0,0,0,0,0,0,0,0,0,0,0,0,0,0,0,0,0,0,6,0,0,0,0
39.1092,-77.1425,"2017-08-26 11:45:00","handNet",26,8,2017,60,"99",6,49,0,2,0,13,0,2,0,0,0,0,0,0,0,0,0,0,0,0,0,0,6,0,1,0,0,3,0,0,0,0,4
39.1114,-77.1399,"2017-08-26 12:45:00","handNet",26,8,2017,30,"100",0,20,0,2,0,2,0,5,0,0,0,0,0,0,1,0,0,0,0,0,0,0,17,0,0,0,0,0,0,0,0,0,1
39.1364,-76.8099,"2017-09-24 00:00:00","handNet",24,9,2017,0,"101",0,1,0,0,0,1,0,0,0,0,0,0,0,2,0,0,0,0,0,0,0,0,0,0,2,0,0,0,0,0,0,0,0
39.1364,-76.8099,"2017-09-24 14:00:00","handNet",24,9,2017,20,"101",0,0,0,11,0,2,0,0,0,0,0,0,0,0,0,0,0,0,0,0,0,0,0,0,0,0,0,0,0,0,0,0,0
39.1557,-76.7755,"2017-09-24 12:45:00","handNet",24,9,2017,30,"102",1,4,0,2,0,0,0,0,0,0,0,0,0,0,0,1,0,0,0,0,0,0,1,0,1,0,0,1,0,0,0,0,1
39.1694,-76.7639,"2017-09-24 13:20:00","handNet",24,9,2017,20,"103",0,1,0,1,0,1,0,0,0,0,0,0,0,0,0,0,0,0,0,0,0,0,1,0,0,0,0,0,0,0,0,0,0
39.1787,-76.8499,"2017-05-20 13:00:00","handNet",20,5,2017,20,"104",0,0,0,0,0,5,0,0,0,0,0,0,0,0,0,0,0,0,0,0,0,0,0,0,0,0,0,0,0,0,0,0,0
39.2058,-76.6123,"2018-06-12 10:30:00","handNet",12,6,2018,40,"105",0,7,2,2,0,6,0,1,0,0,0,0,0,13,0,1,0,0,0,0,0,0,1,0,1,0,0,0,0,1,0,0,0
39.2818,-76.6391,"2018-05-21 00:00:00","panTrap",21,5,2018,1440,"106",2,0,0,1,0,0,0,0,0,1,0,0,0,0,0,1,0,0,0,0,0,0,2,0,0,0,0,0,7,0,0,0,0
39.3148,-76.8756,"2017-08-12 08:40:00","panTrap",12,8,2017,410,"107",10,0,2,3,0,0,0,0,0,0,4,0,0,0,0,0,0,0,0,0,0,0,2,0,0,0,0,0,1,0,0,0,0
39.3148,-76.8709,"2017-08-12 11:25:00","panTrap",12,8,2017,340,"108",21,0,0,4,0,0,0,0,0,0,0,0,0,0,0,0,0,0,0,0,0,0,0,0,0,0,0,0,0,0,0,0,0
39.3151,-76.8738,"2017-08-12 10:50:00","panTrap",12,8,2017,350,"109",0,0,0,7,0,2,0,0,0,0,1,0,0,0,0,0,0,0,0,0,0,0,1,0,0,0,0,0,0,0,0,0,0
39.3158,-76.8742,"2017-08-12 14:20:00","handNet",12,8,2017,60,"110",0,0,3,8,0,3,0,0,0,0,4,0,0,0,1,0,0,0,0,0,0,0,0,0,1,1,0,0,0,0,0,0,0
39.3162,-76.8773,"2017-08-12 09:05:00","panTrap",12,8,2017,415,"111",5,0,0,14,0,2,0,0,0,0,5,0,0,5,0,0,0,0,0,0,0,0,0,0,0,0,0,0,1,0,0,0,0
39.3171,-76.8756,"2017-08-12 13:00:00","handNet",12,8,2017,60,"112",1,0,2,2,0,5,0,0,0,0,1,0,0,0,1,0,0,0,0,0,0,0,0,0,1,0,0,0,0,0,0,0,0
39.4191,-76.8413,"2018-08-05 15:30:00","handNet",5,8,2018,30,"113",7,0,5,25,0,3,0,0,0,0,1,0,0,0,0,0,0,0,0,0,0,0,0,0,1,0,0,0,0,0,0,0,0
39.4723,-77.398,"2018-06-08 00:00:00","handNet",8,6,2018,0,"114",0,0,0,0,0,1,0,0,0,0,0,0,0,0,0,0,0,0,0,0,0,0,0,0,0,0,0,0,0,0,0,0,0
39.4773,-77.3974,"2017-06-02 10:15:00","panTrap",2,6,2017,1490,"115",2,0,0,2,0,0,0,0,0,0,0,0,0,0,0,0,0,0,0,0,0,0,0,0,1,0,0,0,0,0,0,0,0
39.4773,-77.3974,"2017-06-02 10:30:00","handNet",2,6,2017,15,"115",1,0,0,0,0,1,0,0,0,0,0,0,0,0,0,0,0,0,0,0,0,0,0,0,0,0,0,0,0,0,0,0,0
39.4773,-77.3974,"2017-06-21 11:15:00","panTrap",21,6,2017,1545,"115",4,0,0,0,0,2,0,0,0,0,0,0,0,0,0,0,0,0,0,0,0,0,0,0,0,0,0,0,0,0,0,0,0
39.4773,-77.3974,"2017-06-29 14:10:00","handNet",29,6,2017,15,"115",0,0,0,0,0,2,0,0,0,0,0,0,0,0,0,0,0,0,0,0,0,0,0,0,0,0,0,0,0,0,0,0,0
39.4773,-77.3974,"2017-07-26 10:20:00","panTrap",26,7,2017,1405,"115",1,0,0,0,0,1,0,0,0,0,2,0,0,0,4,0,0,0,0,0,0,0,0,0,0,0,0,0,0,0,0,1,0
39.4773,-77.3974,"2017-07-27 09:55:00","handNet",27,7,2017,15,"115",0,0,0,0,0,2,0,0,0,0,0,0,0,0,0,0,0,0,0,0,0,0,0,0,0,0,0,0,0,0,0,0,0
39.4773,-77.3974,"2017-08-22 10:45:00","panTrap",22,8,2017,1365,"115",0,0,0,0,0,0,0,0,0,0,0,0,0,0,3,0,0,0,0,0,0,0,0,0,0,0,0,0,0,0,0,0,0
39.4773,-77.3974,"2017-08-22 13:20:00","handNet",22,8,2017,15,"115",0,0,0,0,0,1,0,0,0,0,0,0,0,0,0,0,0,0,0,0,0,0,0,0,0,0,0,0,0,0,0,0,0
39.4773,-77.3974,"2017-09-19 10:40:00","panTrap",19,9,2017,1350,"115",0,0,0,0,0,0,0,0,0,0,1,0,0,0,0,0,0,0,0,0,0,0,0,0,0,0,0,0,0,0,0,0,0
39.4773,-77.3974,"2018-06-07 10:00:00","panTrap",7,6,2018,1405,"115",0,0,0,1,0,0,0,0,0,0,0,0,0,0,0,0,0,0,0,0,0,0,0,0,0,0,0,0,0,0,0,0,0
39.4773,-77.3974,"2018-06-08 08:50:00","handNet",8,6,2018,15,"115",0,0,0,0,0,0,0,0,0,0,0,0,0,0,0,0,0,0,0,0,0,0,0,0,0,0,0,0,0,0,0,0,0
39.4773,-77.3974,"2018-07-11 10:10:00","panTrap",11,7,2018,1765,"115",2,0,0,0,0,1,0,0,0,0,0,0,0,0,12,0,0,0,0,0,0,0,0,0,0,0,0,0,0,0,0,2,0
39.4773,-77.3974,"2018-07-13 12:00:00","handNet",13,7,2018,15,"115",0,1,0,0,0,0,0,0,0,0,0,0,0,0,0,0,0,0,0,0,0,0,0,0,1,0,0,0,0,0,0,0,0
39.4773,-77.3974,"2018-08-06 12:35:00","panTrap",6,8,2018,1500,"115",0,0,0,0,0,0,0,0,0,0,0,0,1,0,0,0,0,0,0,0,0,0,0,0,0,0,0,0,0,0,0,0,0
39.4773,-77.3974,"2018-08-27 15:00:00","panTrap",27,8,2018,2610,"115",3,0,0,3,0,0,0,0,0,0,0,0,0,0,0,0,0,0,0,0,0,0,0,0,0,0,0,0,0,0,0,0,0
39.4773,-77.3974,"2018-09-05 13:20:00","handNet",5,9,2018,15,"115",0,0,0,0,0,1,0,0,0,0,0,0,0,0,0,0,0,0,0,0,0,0,0,0,0,0,0,0,0,0,0,0,0
39.4773,-77.3974,"2018-10-03 13:30:00","panTrap",3,10,2018,2565,"115",1,0,0,0,0,0,0,0,0,0,0,0,0,0,0,0,0,0,0,0,0,0,0,0,0,0,0,0,0,0,0,0,0
39.4792,-77.3968,"2017-06-02 09:35:00","panTrap",2,6,2017,1500,"116",2,0,0,1,0,1,0,0,0,0,0,0,0,0,0,0,0,0,0,0,0,0,0,0,0,0,0,0,0,0,0,0,0
39.4792,-77.3968,"2017-06-02 11:00:00","handNet",2,6,2017,15,"116",0,0,0,0,0,1,0,0,0,0,0,0,0,0,0,0,0,0,0,0,0,0,0,0,0,0,0,0,0,0,0,0,0
39.4792,-77.3968,"2017-06-21 11:00:00","panTrap",21,6,2017,1560,"116",5,0,2,0,0,1,0,0,0,0,1,0,0,0,0,0,0,0,0,0,0,0,0,0,0,0,0,0,0,0,0,0,0
39.4792,-77.3968,"2017-07-26 09:45:00","panTrap",26,7,2017,1483,"116",1,0,1,0,0,0,0,0,0,0,0,0,0,0,3,0,0,0,0,0,0,0,0,0,3,0,0,0,0,0,0,1,0
39.4792,-77.3968,"2017-08-22 10:20:00","panTrap",22,8,2017,1390,"116",5,0,0,1,0,3,0,0,0,0,0,0,0,0,0,0,0,0,0,0,0,0,0,0,0,0,0,0,0,0,0,0,0
39.4792,-77.3968,"2017-08-22 13:45:00","handNet",22,8,2017,15,"116",0,0,0,0,0,1,0,0,0,0,0,0,0,0,0,0,0,0,0,0,0,0,0,0,0,0,0,0,0,0,0,0,0
39.4792,-77.3968,"2018-06-07 09:30:00","panTrap",7,6,2018,1455,"116",3,0,0,0,0,0,0,0,0,0,0,0,0,0,0,0,0,0,0,0,0,0,0,0,0,0,0,0,0,0,0,0,0
39.4792,-77.3968,"2018-06-07 13:45:00","handNet",7,6,2018,15,"116",0,0,0,0,0,0,0,0,0,0,0,0,0,0,0,0,0,0,0,0,0,0,0,0,0,0,0,0,0,0,0,0,0
39.4792,-77.3968,"2018-07-11 10:10:00","panTrap",11,7,2018,1765,"116",1,0,0,0,0,2,0,0,0,0,0,0,0,0,6,0,1,0,0,0,0,0,0,0,0,0,0,0,0,0,0,1,0
39.4792,-77.3968,"2018-07-13 12:20:00","handNet",13,7,2018,15,"116",0,0,0,0,0,1,0,0,0,0,0,0,0,0,0,0,0,0,0,0,0,0,0,0,0,0,0,0,0,0,0,0,0
39.4792,-77.3968,"2018-08-06 13:55:00","panTrap",6,8,2018,1425,"116",4,0,0,0,0,1,0,0,0,0,0,0,0,0,5,0,0,0,0,0,0,0,0,0,2,0,0,0,0,0,0,0,0
39.4792,-77.3968,"2018-08-27 15:00:00","panTrap",27,8,2018,2640,"116",1,0,0,1,0,0,0,0,0,0,0,0,0,0,2,0,0,0,0,0,0,0,0,0,0,0,0,0,0,0,0,0,0
39.5016,-77.3257,"2017-04-18 09:55:00","panTrap",18,4,2017,1415,"117",4,0,0,1,0,0,0,0,0,1,0,0,0,5,0,2,0,0,0,0,0,0,0,0,0,0,0,0,0,0,0,0,0
39.5016,-77.3257,"2017-05-31 09:45:00","panTrap",31,5,2017,1455,"117",7,1,0,3,0,0,0,0,1,0,0,0,0,2,0,4,0,0,0,0,0,0,0,0,0,0,0,0,0,0,0,0,0
39.5016,-77.3257,"2017-06-02 12:53:00","handNet",2,6,2017,15,"117",0,0,0,0,0,0,0,0,0,0,0,0,0,0,0,0,0,0,0,0,0,0,0,0,0,0,0,0,1,0,0,0,0
39.5016,-77.3257,"2017-06-22 13:55:00","panTrap",22,6,2017,1405,"117",0,0,0,0,0,0,0,0,0,0,0,0,0,0,0,0,0,0,0,0,0,0,0,0,0,0,0,0,0,0,0,0,0
39.5016,-77.3257,"2017-06-27 09:15:00","handNet",27,6,2017,15,"117",2,0,0,0,0,0,0,0,0,0,0,0,0,0,0,0,0,0,0,0,0,0,0,0,0,0,0,0,0,0,0,0,0
39.5016,-77.3257,"2017-07-24 10:25:00","panTrap",24,7,2017,1385,"117",9,0,0,0,0,1,0,0,0,0,1,0,0,7,1,0,0,0,0,0,0,0,0,0,0,0,0,0,2,0,0,0,0
39.5016,-77.3257,"2017-08-23 12:30:00","panTrap",23,8,2017,1295,"117",8,0,1,0,0,1,0,0,0,0,1,0,0,0,0,0,0,0,0,0,0,0,0,0,0,0,0,0,2,0,0,1,0
39.5016,-77.3257,"2017-08-23 14:00:00","handNet",23,8,2017,15,"117",0,0,0,0,0,1,0,0,0,0,1,0,0,0,0,0,0,0,0,0,0,0,0,0,0,0,0,0,0,0,0,0,0
39.5016,-77.3257,"2017-09-21 15:40:00","panTrap",21,9,2017,1375,"117",1,0,1,0,0,0,0,0,0,0,0,0,0,0,0,0,0,0,0,0,0,0,0,0,0,0,0,0,1,0,0,0,0
39.5016,-77.3257,"2018-06-12 11:10:00","panTrap",12,6,2018,1425,"117",12,0,0,0,0,0,0,0,0,0,0,0,0,0,1,0,0,0,0,0,0,0,0,0,0,0,0,0,4,0,0,0,0
39.5016,-77.3257,"2018-07-12 10:00:00","panTrap",12,7,2018,1400,"117",0,0,0,0,0,0,0,0,0,0,0,0,0,0,0,0,0,0,0,0,0,0,0,0,0,0,0,0,2,0,0,0,0
39.5016,-77.3257,"2018-08-07 11:05:00","panTrap",7,8,2018,1500,"117",11,0,2,2,0,0,0,0,0,0,1,0,0,0,0,0,0,0,0,0,0,0,0,0,0,0,0,0,2,0,0,0,0
39.5016,-77.3257,"2018-08-28 16:15:00","panTrap",28,8,2018,1235,"117",0,0,0,0,0,0,0,0,0,0,0,0,0,0,0,0,0,0,0,0,0,0,0,0,0,0,0,0,0,0,0,0,0
39.5016,-77.3257,"2018-10-04 12:45:00","panTrap",4,10,2018,1290,"117",2,0,0,0,0,0,0,0,0,0,0,0,0,0,0,0,0,0,0,0,0,0,0,0,0,0,0,0,0,0,0,0,0
39.5035,-77.3245,"2017-04-18 09:55:00","panTrap",18,4,2017,1445,"118",4,0,0,0,0,0,0,0,0,1,3,0,0,0,0,0,0,0,0,0,0,0,0,0,0,0,0,0,0,0,0,0,0
39.5035,-77.3245,"2017-05-31 10:25:00","panTrap",31,5,2017,1428,"118",1,0,0,0,0,1,0,0,0,0,0,0,0,0,0,0,0,0,0,0,0,0,0,0,0,0,0,0,0,0,0,0,0
39.5035,-77.3245,"2017-06-02 12:30:00","handNet",2,6,2017,15,"118",0,0,0,0,0,1,0,0,0,0,0,0,0,0,0,0,0,0,0,0,0,0,0,0,0,0,0,0,0,0,0,0,0
39.5035,-77.3245,"2017-06-22 13:55:00","panTrap",22,6,2017,1405,"118",3,1,0,0,0,3,0,0,0,0,2,0,0,1,0,0,0,0,0,0,0,0,0,0,0,0,0,0,0,0,0,0,0
39.5035,-77.3245,"2017-06-27 09:35:00","handNet",27,6,2017,15,"118",1,0,0,0,0,1,0,0,0,0,0,0,0,0,0,0,0,0,0,0,0,0,0,0,0,0,0,0,0,0,0,0,0
39.5035,-77.3245,"2017-07-24 10:40:00","panTrap",24,7,2017,1435,"118",4,0,1,0,0,0,0,0,0,0,2,0,0,1,5,0,0,0,0,0,0,0,0,0,0,0,0,0,0,0,0,0,0
39.5035,-77.3245,"2017-07-25 14:20:00","handNet",25,7,2017,15,"118",0,0,1,0,0,0,0,0,0,0,0,0,0,0,0,0,0,0,0,0,0,0,0,0,0,0,0,0,0,0,0,0,0
39.5035,-77.3245,"2017-08-23 12:40:00","panTrap",23,8,2017,1295,"118",1,0,0,0,0,1,0,0,0,0,0,0,1,0,2,0,0,0,0,0,0,0,0,0,0,0,0,0,0,0,0,0,0
39.5035,-77.3245,"2017-08-23 13:35:00","handNet",23,8,2017,15,"118",0,0,0,0,0,2,0,0,0,0,0,0,0,0,0,0,0,0,0,0,0,0,0,0,0,0,0,0,0,0,0,0,0
39.5035,-77.3245,"2017-09-21 15:40:00","panTrap",21,9,2017,1375,"118",1,0,1,0,0,0,0,0,0,0,0,0,0,0,0,0,0,0,0,0,0,0,0,0,0,0,0,0,0,0,0,0,0
39.5035,-77.3245,"2018-06-12 11:10:00","panTrap",12,6,2018,1425,"118",3,0,0,0,0,0,0,0,0,0,0,0,0,0,0,0,0,0,0,0,0,0,0,0,0,0,0,0,0,0,0,0,0
39.5035,-77.3245,"2018-06-15 10:55:00","handNet",15,6,2018,15,"118",0,0,0,0,0,1,0,0,0,0,0,0,0,0,0,0,0,0,0,0,0,0,0,0,0,0,0,0,0,0,0,0,0
39.5035,-77.3245,"2018-06-15 10:55:00","panTrap",15,6,2018,15,"118",0,0,0,0,0,1,0,0,0,0,0,0,0,0,0,0,0,0,0,0,0,0,0,0,0,0,0,0,0,0,0,0,0
39.5035,-77.3245,"2018-07-12 10:00:00","panTrap",12,7,2018,1410,"118",1,0,1,0,0,0,0,0,0,0,1,0,2,0,5,0,0,0,0,0,0,0,0,0,0,0,0,0,0,0,0,0,0
39.5035,-77.3245,"2018-07-13 10:25:00","handNet",13,7,2018,15,"118",0,0,0,0,0,1,0,0,0,0,0,0,0,0,0,0,0,0,0,0,0,0,0,0,0,0,0,0,0,0,0,0,0
39.5035,-77.3245,"2018-08-07 11:05:00","panTrap",7,8,2018,1500,"118",1,0,0,0,0,0,0,0,0,0,0,0,0,0,4,0,0,0,0,0,0,0,0,0,0,0,0,0,0,0,0,0,0
39.5035,-77.3245,"2018-08-28 16:15:00","panTrap",28,8,2018,1250,"118",1,0,0,0,0,0,0,0,0,0,0,0,0,0,0,0,0,0,0,0,0,0,0,0,0,0,0,0,0,0,0,0,0
39.5035,-77.3245,"2018-10-04 12:30:00","panTrap",4,10,2018,1320,"118",2,0,0,1,0,1,0,0,0,0,0,0,0,0,0,0,0,0,0,0,0,0,0,0,0,0,0,0,0,0,0,0,0
39.5035,-77.3245,"2018-10-09 09:30:00","handNet",9,10,2018,15,"118",0,0,0,0,0,1,0,0,0,0,0,0,0,0,0,0,0,0,0,0,0,0,0,0,0,0,0,0,0,0,0,0,0
39.5053,-77.3236,"2017-04-18 10:30:00","panTrap",18,4,2017,1400,"119",1,0,0,0,0,0,0,0,0,0,5,0,0,0,0,1,0,0,0,0,0,0,0,0,0,0,0,0,0,0,0,0,0
39.5053,-77.3236,"2017-05-31 11:10:00","panTrap",31,5,2017,1418,"119",0,1,0,1,0,0,0,0,0,0,1,0,0,1,0,0,0,0,0,0,0,0,0,0,0,0,1,0,0,0,0,0,0
39.5053,-77.3236,"2017-06-02 13:15:00","handNet",2,6,2017,15,"119",0,0,0,0,0,1,0,0,0,0,0,0,0,0,0,0,0,0,0,0,0,0,0,0,0,0,0,0,0,0,0,0,0
39.5053,-77.3236,"2017-06-22 14:20:00","panTrap",22,6,2017,1400,"119",3,0,0,0,0,2,0,0,0,0,2,0,0,2,0,0,0,0,0,0,0,0,0,0,0,0,0,0,0,0,0,0,0
39.5053,-77.3236,"2017-06-27 10:30:00","handNet",27,6,2017,15,"119",0,0,0,0,0,2,0,0,0,0,0,0,0,0,0,0,0,0,0,0,0,0,0,0,0,0,0,0,0,0,0,0,0
39.5053,-77.3236,"2017-07-24 11:15:00","panTrap",24,7,2017,1355,"119",2,1,1,1,0,0,0,0,0,0,1,0,0,0,11,0,0,0,0,0,0,0,0,0,0,0,0,0,0,0,0,1,0
39.5053,-77.3236,"2017-07-25 13:40:00","handNet",25,7,2017,15,"119",0,0,0,0,0,1,0,0,0,0,0,0,0,0,0,0,0,0,0,0,0,0,0,0,0,0,0,0,0,0,0,0,0
39.5053,-77.3236,"2017-08-23 13:00:00","panTrap",23,8,2017,1275,"119",0,0,1,0,0,1,0,0,0,0,0,0,0,0,1,0,0,0,0,0,0,0,0,0,0,0,0,0,0,0,0,0,0
39.5053,-77.3236,"2018-06-12 11:10:00","panTrap",12,6,2018,1425,"119",0,0,1,0,0,0,0,0,0,0,0,0,0,1,0,0,0,0,0,0,0,0,0,0,0,0,0,0,0,0,0,0,0
39.5053,-77.3236,"2018-06-15 11:10:00","handNet",15,6,2018,15,"119",0,0,0,0,0,2,0,0,0,0,0,0,0,0,0,0,0,0,0,0,0,0,0,0,0,0,0,0,0,0,0,0,0
39.5053,-77.3236,"2018-07-12 10:00:00","panTrap",12,7,2018,1415,"119",0,0,0,0,0,0,0,0,0,0,1,0,0,1,4,0,0,0,0,0,0,0,0,0,0,0,0,0,0,0,0,1,0
39.5053,-77.3236,"2018-07-13 10:10:00","handNet",13,7,2018,15,"119",0,0,0,0,0,1,0,0,0,0,0,0,0,0,0,0,0,0,0,0,0,0,0,0,0,0,0,0,0,0,0,0,0
39.5053,-77.3236,"2018-08-07 11:05:00","panTrap",7,8,2018,1500,"119",1,0,0,0,0,0,0,0,0,0,0,0,0,0,4,0,0,0,0,0,0,0,0,0,0,0,0,0,0,0,0,0,0
39.5053,-77.3236,"2018-08-28 16:15:00","panTrap",28,8,2018,1240,"119",0,0,0,0,0,0,0,0,0,0,0,0,0,0,1,0,0,0,0,0,0,0,0,0,0,0,0,0,0,0,0,0,0
39.5088,-77.4059,"2017-06-01 15:30:00","panTrap",1,6,2017,1400,"120",0,0,1,0,0,0,0,0,0,0,0,0,0,4,0,0,0,0,0,0,0,0,0,0,0,0,1,0,0,0,0,0,0
39.5088,-77.4059,"2017-06-13 10:15:00","handNet",13,6,2017,15,"120",0,0,1,0,0,0,0,0,0,0,0,0,0,0,0,1,0,0,0,0,0,0,0,0,0,0,0,0,0,0,0,0,0
39.5088,-77.4059,"2017-06-21 11:15:00","panTrap",21,6,2017,1520,"120",0,0,2,0,0,0,0,0,0,0,0,0,0,2,0,0,0,0,0,0,0,0,0,0,0,0,0,0,0,0,0,0,0
39.5088,-77.4059,"2017-06-27 10:15:00","handNet",27,6,2017,15,"120",0,0,2,0,0,0,0,0,0,0,0,0,0,0,0,0,0,0,0,0,0,0,0,0,0,0,0,0,0,0,0,0,0
39.5088,-77.4059,"2017-07-24 11:50:00","panTrap",24,7,2017,1365,"120",0,1,2,0,0,0,0,0,0,0,0,0,1,0,4,0,0,0,0,0,0,0,0,0,0,0,0,0,0,0,0,0,0
39.5088,-77.4059,"2017-07-25 13:05:00","handNet",25,7,2017,15,"120",0,0,0,0,0,3,0,0,0,0,0,0,0,0,0,0,0,0,0,0,0,0,0,0,0,0,0,0,0,0,0,0,0
39.5088,-77.4059,"2017-08-22 11:20:00","panTrap",22,8,2017,1370,"120",6,0,0,0,0,0,0,0,0,0,0,0,0,0,3,0,0,0,0,0,0,0,0,0,0,0,0,0,0,0,0,0,0
39.5088,-77.4059,"2017-09-19 11:30:00","panTrap",19,9,2017,1400,"120",1,0,0,0,0,0,0,0,0,0,0,0,0,0,0,0,0,0,0,0,0,0,0,0,0,0,0,0,0,0,0,0,0
39.5088,-77.4059,"2018-06-07 10:15:00","panTrap",7,6,2018,1450,"120",2,0,0,0,0,0,0,0,0,0,0,0,0,1,0,0,0,0,0,0,0,0,1,0,0,0,0,0,0,0,0,0,0
39.5088,-77.4059,"2018-07-11 10:55:00","panTrap",11,7,2018,1685,"120",1,0,2,0,0,0,0,0,0,0,1,0,0,0,10,0,0,0,0,0,0,0,0,0,0,0,0,0,0,0,0,2,0
39.5088,-77.4059,"2018-07-13 11:30:00","handNet",13,7,2018,15,"120",0,0,0,0,0,1,0,0,0,0,0,0,0,0,0,0,0,0,0,0,0,0,0,0,0,0,0,0,0,0,0,0,0
39.5088,-77.4059,"2018-08-06 12:10:00","panTrap",6,8,2018,1500,"120",0,0,0,0,0,0,0,0,0,0,0,0,0,0,5,0,0,0,0,0,0,0,0,0,0,0,0,0,0,0,0,0,0
39.5088,-77.4059,"2018-08-09 12:00:00","handNet",9,8,2018,15,"120",0,0,0,0,0,1,0,0,0,0,0,0,0,0,0,0,0,0,0,0,0,0,0,0,0,0,0,0,0,0,0,0,0
39.5088,-77.4059,"2018-08-27 14:15:00","panTrap",27,8,2018,1775,"120",3,0,0,0,0,0,0,0,0,0,0,0,0,0,0,0,0,0,0,0,0,0,0,0,0,0,0,0,0,0,0,1,0
39.5088,-77.4059,"2018-09-05 12:50:00","handNet",5,9,2018,15,"120",0,0,0,0,0,1,0,0,0,0,0,0,0,0,0,0,0,0,0,0,0,0,0,0,0,0,0,0,0,0,0,0,0
39.5088,-77.4059,"2018-10-08 12:50:00","handNet",8,10,2018,15,"120",0,0,0,0,0,1,0,0,0,0,0,0,0,0,0,0,0,0,0,0,0,0,0,0,0,0,0,0,0,0,0,0,0
39.5119,-77.4086,"2017-04-18 14:40:00","panTrap",18,4,2017,1490,"121",0,0,0,0,0,0,0,0,0,0,0,0,0,0,0,0,0,0,0,0,0,0,0,0,0,0,0,0,0,0,0,0,0
39.5119,-77.4086,"2017-06-01 15:00:00","panTrap",1,6,2017,1430,"121",0,0,0,0,0,1,0,0,1,0,0,0,0,1,0,0,0,0,0,0,0,0,1,0,0,0,0,0,0,0,0,0,0
39.5119,-77.4086,"2017-06-13 09:45:00","handNet",13,6,2017,15,"121",0,0,0,0,0,1,0,0,0,0,0,0,0,0,0,0,0,0,0,0,0,0,0,0,0,0,0,0,0,0,0,0,0
39.5119,-77.4086,"2017-06-21 10:50:00","panTrap",21,6,2017,1545,"121",2,0,1,0,0,8,0,0,0,0,1,0,0,0,0,0,0,0,0,0,0,0,1,0,0,0,0,0,0,0,0,0,0
39.5119,-77.4086,"2017-06-27 13:48:00","handNet",27,6,2017,15,"121",0,0,0,0,0,1,0,0,0,0,0,0,0,0,0,0,0,0,0,0,0,0,0,0,0,0,0,0,0,0,0,0,0
39.5119,-77.4086,"2017-07-24 12:15:00","panTrap",24,7,2017,1340,"121",0,0,0,0,0,2,0,0,0,0,0,0,0,0,1,0,0,0,0,0,0,0,0,0,0,0,0,0,0,0,0,2,0
39.5119,-77.4086,"2017-08-22 11:45:00","panTrap",22,8,2017,1345,"121",0,0,1,0,0,0,0,0,0,0,0,0,0,0,0,0,0,0,0,0,0,0,0,0,0,0,0,0,0,0,0,0,0
39.5119,-77.4086,"2017-08-22 12:15:00","handNet",22,8,2017,15,"121",0,0,0,0,0,0,0,0,0,0,0,0,0,0,1,0,0,0,0,0,0,0,0,0,0,0,0,0,0,0,0,0,0
39.5119,-77.4086,"2017-09-19 11:45:00","panTrap",19,9,2017,1385,"121",0,0,0,0,0,0,0,0,0,0,0,0,0,0,1,0,0,0,0,0,0,0,0,0,0,0,0,0,0,0,0,0,0
39.5119,-77.4086,"2018-06-07 10:40:00","panTrap",7,6,2018,1425,"121",1,0,0,0,0,0,0,0,0,0,0,0,0,0,0,0,0,0,0,0,0,0,0,0,0,0,0,0,0,0,0,0,0
39.5119,-77.4086,"2018-07-11 10:55:00","panTrap",11,7,2018,1680,"121",3,0,1,0,0,1,0,0,0,0,0,0,0,0,5,0,0,0,0,0,0,0,0,0,0,0,0,0,0,0,0,3,0
39.5119,-77.4086,"2018-07-13 11:00:00","handNet",13,7,2018,15,"121",0,0,0,0,0,1,0,0,0,0,0,0,0,0,0,0,0,0,0,0,0,0,0,0,0,0,0,0,0,0,0,0,0
39.5119,-77.4086,"2018-08-06 12:00:00","panTrap",6,8,2018,1500,"121",4,0,2,0,0,1,0,0,0,0,0,0,0,1,6,0,0,0,0,0,0,0,0,0,0,0,0,0,0,0,0,0,0
39.5119,-77.4086,"2018-08-27 14:15:00","panTrap",27,8,2018,1755,"121",2,0,0,0,0,0,0,0,0,0,1,0,0,0,1,0,0,0,0,1,0,0,0,0,0,0,0,0,0,0,0,0,0
39.5119,-77.4086,"2018-10-03 12:55:00","panTrap",3,10,2018,2660,"121",0,0,0,0,0,1,0,0,0,0,0,0,0,0,0,0,0,0,0,0,0,0,0,0,0,0,0,0,0,0,0,0,0
39.5476,-77.4277,"2017-04-18 13:50:00","panTrap",18,4,2017,1510,"122",0,0,0,0,0,0,0,0,0,0,0,1,0,0,0,0,0,0,0,0,0,0,0,0,0,0,0,0,0,0,0,0,0
39.5476,-77.4277,"2017-06-01 13:50:00","panTrap",1,6,2017,1460,"122",0,0,0,0,0,0,0,0,0,0,0,0,0,1,0,0,0,0,0,0,0,0,0,0,0,0,0,0,0,0,0,0,0
39.5476,-77.4277,"2017-06-13 11:00:00","handNet",13,6,2017,15,"122",1,0,0,0,0,0,0,0,0,0,1,0,0,0,0,0,0,0,0,0,0,0,0,0,0,0,0,0,0,0,0,0,0
39.5476,-77.4277,"2017-06-21 10:10:00","panTrap",21,6,2017,1520,"122",13,0,0,2,0,3,0,0,0,0,0,0,0,0,0,1,0,0,0,0,0,0,0,0,0,0,0,0,0,0,0,0,0
39.5476,-77.4277,"2017-06-29 12:05:00","handNet",29,6,2017,18,"122",0,0,2,0,0,3,0,0,0,0,0,0,0,0,0,0,0,0,0,0,0,0,0,0,0,0,0,0,0,0,0,0,0
39.5476,-77.4277,"2017-07-24 13:00:00","panTrap",24,7,2017,1320,"122",6,0,17,1,0,0,0,0,0,0,0,0,0,0,2,0,0,0,0,0,1,0,0,0,0,0,0,0,0,0,0,2,0
39.5476,-77.4277,"2017-07-25 11:55:00","handNet",25,7,2017,15,"122",0,0,3,0,0,2,0,0,0,0,0,0,0,0,0,0,0,0,0,0,0,0,0,0,0,0,0,0,0,0,0,0,0
39.5476,-77.4277,"2017-08-23 11:00:00","panTrap",23,8,2017,1360,"122",3,0,0,0,0,0,0,0,0,0,0,0,0,0,0,0,0,0,0,0,0,0,1,0,0,0,0,0,0,0,0,0,0
39.5476,-77.4277,"2017-09-20 09:45:00","panTrap",20,9,2017,1485,"122",0,0,0,0,0,0,0,0,0,0,0,0,0,1,0,0,0,0,0,0,0,0,0,0,0,0,0,0,0,0,0,0,0
39.5476,-77.4277,"2018-06-07 11:10:00","panTrap",7,6,2018,1490,"122",1,1,0,0,0,0,0,0,0,0,0,0,0,0,0,0,0,0,0,0,0,0,0,0,0,0,0,0,0,0,0,0,0
39.5476,-77.4277,"2018-07-12 13:15:00","handNet",12,7,2018,30,"122",0,0,0,0,0,2,0,0,0,0,0,0,0,0,0,0,0,0,0,0,0,0,0,0,0,0,0,0,0,0,0,0,0
39.5476,-77.4277,"2018-08-06 11:15:00","panTrap",6,8,2018,1515,"122",3,1,3,1,0,0,0,0,0,0,0,0,2,0,21,0,0,0,0,0,0,0,0,0,0,0,0,0,0,0,0,0,0
39.5476,-77.4277,"2018-08-09 11:00:00","handNet",9,8,2018,15,"122",0,0,0,0,0,1,0,0,0,0,0,0,0,0,0,0,0,0,0,0,0,0,0,0,0,0,0,0,0,0,0,0,0
39.5476,-77.4277,"2018-08-27 13:30:00","panTrap",27,8,2018,1780,"122",0,0,0,0,0,0,0,0,0,0,0,0,1,0,1,0,0,0,0,0,0,0,0,0,0,0,0,0,0,0,0,1,0
39.5476,-77.4277,"2018-09-05 11:45:00","handNet",5,9,2018,15,"122",0,0,0,0,0,1,0,0,0,0,0,0,0,0,0,0,0,0,0,0,0,0,0,0,0,0,0,0,0,0,0,0,0
39.5476,-77.4277,"2018-10-03 12:30:00","panTrap",3,10,2018,1610,"122",1,0,0,0,0,0,0,0,0,0,0,0,0,0,0,0,0,0,0,0,0,0,0,0,0,0,0,0,0,0,0,0,0
39.5521,-77.4298,"2017-06-01 14:09:00","panTrap",1,6,2017,1451,"123",1,0,0,0,0,1,0,0,0,0,0,0,0,1,0,0,0,0,0,0,0,0,0,0,0,0,0,0,0,0,0,0,0
39.5521,-77.4298,"2017-06-13 11:30:00","handNet",13,6,2017,15,"123",0,0,0,0,0,2,0,0,0,0,0,0,0,0,0,0,0,0,0,0,0,0,0,0,0,0,0,0,0,0,0,0,0
39.5521,-77.4298,"2017-06-21 11:15:00","panTrap",21,6,2017,1455,"123",14,0,0,0,0,11,0,0,0,0,0,0,0,1,0,0,0,0,0,1,0,0,0,0,0,0,0,0,0,0,0,0,0
39.5521,-77.4298,"2017-06-29 12:30:00","handNet",29,6,2017,15,"123",1,0,0,0,0,3,0,0,0,0,0,0,0,0,0,0,0,0,0,0,0,0,0,0,0,0,0,0,0,0,0,0,0
39.5521,-77.4298,"2017-07-24 11:30:00","panTrap",24,7,2017,1330,"123",6,0,0,0,0,3,0,0,0,0,0,0,0,0,1,0,0,0,0,0,0,0,0,0,0,0,0,0,0,0,0,0,0
39.5521,-77.4298,"2017-07-24 13:30:00","panTrap",24,7,2017,1315,"123",3,0,1,0,0,1,0,0,0,0,0,0,0,1,0,0,0,0,0,0,1,0,0,0,0,0,0,0,0,0,0,2,0
39.5521,-77.4298,"2017-07-25 11:30:00","handNet",25,7,2017,15,"123",0,0,0,0,0,6,0,0,0,0,0,0,0,0,0,0,0,0,0,0,0,0,0,0,0,0,0,0,0,0,0,0,0
39.5521,-77.4298,"2017-08-23 14:50:00","handNet",23,8,2017,15,"123",1,0,0,0,0,0,0,0,0,0,0,0,0,0,0,0,0,0,0,0,0,0,0,0,0,0,0,0,0,0,0,0,0
39.5521,-77.4298,"2017-09-20 10:10:00","panTrap",20,9,2017,1475,"123",1,0,0,0,0,0,0,0,0,0,1,0,0,0,0,0,0,0,0,0,0,0,0,0,0,0,0,0,0,0,0,0,0
39.5521,-77.4298,"2018-06-07 11:10:00","panTrap",7,6,2018,1490,"123",5,0,0,2,0,0,0,0,0,0,0,0,0,1,0,0,0,0,0,0,0,0,0,0,0,0,0,0,0,0,0,0,0
39.5521,-77.4298,"2018-06-12 13:35:00","handNet",12,6,2018,15,"123",0,0,0,0,0,2,0,0,0,0,0,0,0,0,0,1,0,0,0,0,0,0,0,0,0,0,0,0,0,0,0,0,0
39.5521,-77.4298,"2018-07-11 11:40:00","panTrap",11,7,2018,1565,"123",32,1,1,0,0,1,0,0,0,0,0,0,0,2,18,0,0,0,0,0,1,0,0,0,0,0,0,0,0,0,0,2,0
39.5521,-77.4298,"2018-07-12 13:50:00","handNet",12,7,2018,15,"123",0,1,0,0,0,1,0,0,0,0,0,0,0,0,0,0,0,0,0,0,0,0,0,0,0,0,0,0,0,0,0,0,0
39.5521,-77.4298,"2018-08-06 11:20:00","panTrap",6,8,2018,1515,"123",44,0,0,0,0,1,0,0,0,0,0,0,1,0,0,0,0,0,0,0,0,0,0,0,0,0,0,0,0,0,0,0,0
39.5521,-77.4298,"2018-08-27 13:30:00","panTrap",27,8,2018,1760,"123",16,0,0,0,0,0,0,0,0,0,0,0,0,0,0,0,0,0,0,0,0,0,0,0,0,0,0,0,0,0,0,0,0
39.5521,-77.4298,"2018-10-03 12:20:00","panTrap",3,10,2018,1615,"123",4,0,0,0,0,0,0,0,0,0,0,0,0,0,0,0,0,0,0,0,0,0,0,0,0,0,0,0,0,0,0,0,0
39.5882,-77.6377,"2017-06-17 15:15:00","handNet",17,6,2017,19,"124",5,0,1,5,0,1,0,0,0,0,0,0,1,0,0,1,0,0,0,3,0,0,28,0,0,0,0,0,0,0,0,0,0
39.5901,-78.5624,"2017-09-23 13:30:00","handNet",23,9,2017,45,"125",0,0,3,0,0,8,0,0,0,0,1,0,5,0,0,2,0,0,0,0,0,0,0,0,0,0,0,0,0,0,0,0,0
39.6142,-78.6036,"2017-09-23 14:30:00","handNet",23,9,2017,80,"126",0,4,3,3,0,7,0,3,0,0,0,1,19,0,0,1,0,2,0,0,0,0,2,0,2,0,0,0,0,0,0,0,0
39.6153,-78.5622,"2017-09-23 12:30:00","handNet",23,9,2017,43,"127",0,3,4,1,0,11,0,0,0,0,0,0,8,0,0,4,0,1,0,0,0,0,1,0,1,0,0,0,0,0,0,0,0
39.6172,-78.5664,"2017-09-23 11:40:00","handNet",23,9,2017,45,"128",0,0,4,1,0,10,0,0,0,0,0,0,0,0,0,0,0,0,0,0,0,0,1,0,0,0,0,0,0,0,0,0,0
39.6184,-78.5678,"2018-05-24 00:00:00","handNet",24,5,2018,0,"129",1,0,1,0,0,0,0,0,0,1,4,0,0,0,0,4,0,0,0,0,0,0,0,0,0,0,0,0,0,0,0,0,0
39.6184,-78.5678,"2018-05-24 00:00:00","panTrap",24,5,2018,1440,"129",6,0,3,7,0,0,0,0,2,3,17,0,2,1,0,5,0,0,0,0,0,0,0,0,0,0,0,0,0,0,0,0,0
39.6202,-78.5687,"2018-07-10 00:00:00","handNet",10,7,2018,0,"130",7,0,2,0,0,5,0,0,0,0,5,0,0,0,0,0,0,0,0,0,0,0,0,0,0,0,0,0,0,0,0,0,0
39.6202,-78.5687,"2018-07-10 00:00:00","panTrap",10,7,2018,1440,"130",59,0,5,0,0,1,0,0,0,0,50,0,0,1,0,0,0,0,0,0,0,0,0,0,0,0,0,0,0,0,0,0,0
39.6202,-78.5687,"2018-09-20 00:00:00","handNet",20,9,2018,0,"130",2,0,4,0,0,2,0,0,0,0,1,0,0,0,0,0,0,0,0,0,0,0,0,0,0,0,0,0,0,0,0,0,0
39.6202,-78.5687,"2018-09-20 00:00:00","panTrap",20,9,2018,1440,"130",2,0,3,6,0,0,0,0,0,0,5,0,1,0,0,0,0,0,0,0,0,0,3,0,0,0,0,0,0,0,0,0,0
39.6477,-77.5862,"2017-06-17 14:00:00","handNet",17,6,2017,60,"131",3,9,4,4,0,6,0,0,0,0,0,3,0,1,0,16,0,0,0,5,0,0,7,0,0,0,0,0,0,0,0,0,1
39.6485,-77.3936,"2017-04-18 13:08:00","panTrap",18,4,2017,1501,"132",0,0,0,2,0,0,0,0,0,0,0,1,0,0,0,0,0,0,0,0,0,0,0,0,0,0,0,0,0,0,0,0,0
39.6485,-77.3936,"2017-05-31 14:45:00","panTrap",31,5,2017,1331,"132",4,0,0,12,0,0,0,0,0,1,0,0,0,1,0,0,0,0,0,0,0,0,0,0,0,0,0,0,0,0,0,0,0
39.6485,-77.3936,"2017-06-22 11:00:00","panTrap",22,6,2017,1470,"132",4,0,0,28,0,2,0,0,0,0,0,0,0,1,0,0,0,0,0,0,0,0,1,0,0,0,0,0,0,0,0,0,0
39.6485,-77.3936,"2017-06-29 09:45:00","handNet",29,6,2017,15,"132",0,0,0,1,0,0,0,0,0,0,0,0,0,0,0,0,0,0,0,0,0,0,0,0,0,0,0,0,0,0,0,0,0
39.6485,-77.3936,"2017-07-26 10:50:00","panTrap",26,7,2017,1502,"132",0,0,0,9,0,1,0,0,0,0,0,0,0,0,0,0,0,0,0,0,0,0,0,0,0,0,0,0,2,0,0,0,0
39.6485,-77.3936,"2017-08-24 13:00:00","panTrap",24,8,2017,1450,"132",1,0,0,5,0,3,0,0,0,0,0,0,0,0,0,0,0,0,0,0,0,0,0,0,0,0,0,0,0,0,0,0,0
39.6485,-77.3936,"2017-09-20 11:20:00","panTrap",20,9,2017,1540,"132",3,0,0,15,0,0,0,0,0,0,0,0,0,1,0,0,0,0,0,0,0,0,0,0,0,0,0,0,0,0,0,0,0
39.6485,-77.3936,"2017-09-20 13:20:00","handNet",20,9,2017,15,"132",0,0,0,2,0,0,0,0,0,0,0,0,0,0,0,0,0,0,0,0,0,0,0,0,0,0,0,0,0,0,0,0,0
39.6485,-77.3936,"2018-06-07 12:35:00","panTrap",7,6,2018,1480,"132",2,0,0,13,0,0,0,0,0,0,0,0,0,0,0,0,0,0,0,0,0,0,0,0,0,0,0,0,0,0,0,0,0
39.6485,-77.3936,"2018-07-11 12:40:00","panTrap",11,7,2018,1395,"132",1,0,0,4,0,0,0,0,0,1,1,0,0,0,0,0,0,0,0,0,0,0,0,0,0,0,0,0,0,0,0,0,0
39.6485,-77.3936,"2018-08-06 10:15:00","panTrap",6,8,2018,1525,"132",0,0,0,1,0,0,0,0,0,0,0,0,0,0,0,0,0,0,0,0,0,0,1,0,0,0,0,0,0,0,0,0,0
39.6485,-77.3936,"2018-08-27 11:45:00","panTrap",27,8,2018,1785,"132",1,0,0,0,0,1,0,0,0,0,0,0,0,0,0,0,0,0,0,0,0,0,0,0,0,0,0,0,0,0,0,0,0
39.6485,-77.3936,"2018-10-03 11:30:00","panTrap",3,10,2018,1635,"132",3,0,0,41,0,0,0,0,0,0,0,0,0,1,0,0,0,0,0,0,0,0,0,0,0,0,0,0,0,0,0,0,0
39.6499,-77.3905,"2017-05-31 15:45:00","panTrap",31,5,2017,1290,"133",3,0,0,0,0,0,0,0,0,0,0,0,0,1,0,0,0,0,0,0,0,0,0,0,0,0,0,0,0,0,0,0,0
39.6499,-77.3905,"2017-06-14 13:37:00","handNet",14,6,2017,15,"133",0,0,0,0,0,3,0,0,0,0,0,0,0,0,0,2,0,0,0,0,0,0,0,0,0,0,0,0,0,0,0,0,0
39.6499,-77.3905,"2017-06-22 10:20:00","panTrap",22,6,2017,1535,"133",5,0,0,0,0,5,0,0,0,0,0,0,0,8,0,0,0,0,0,0,0,0,0,0,0,0,0,0,0,0,0,0,0
39.6499,-77.3905,"2017-06-29 13:25:00","handNet",29,6,2017,15,"133",0,0,0,0,0,3,0,0,0,0,0,0,0,0,0,0,0,0,0,0,0,0,0,0,0,0,0,0,0,0,0,0,0
39.6499,-77.3905,"2017-07-26 11:50:00","panTrap",26,7,2017,1535,"133",7,0,1,0,0,2,0,0,0,0,0,0,0,0,6,0,0,0,0,0,0,0,0,0,0,0,0,0,0,0,0,0,0
39.6499,-77.3905,"2017-08-24 13:50:00","panTrap",24,8,2017,1400,"133",2,3,0,1,0,2,0,0,0,0,0,0,0,0,0,0,0,0,0,0,0,0,0,0,0,0,0,0,0,0,0,0,0
39.6499,-77.3905,"2017-08-25 13:35:00","handNet",25,8,2017,15,"133",0,0,0,0,0,1,0,0,0,0,0,0,0,0,0,0,0,0,0,0,0,0,0,0,0,0,0,0,0,0,0,0,0
39.6499,-77.3905,"2017-09-20 12:05:00","panTrap",20,9,2017,1515,"133",0,0,0,0,0,0,0,0,0,0,1,0,0,0,0,0,0,0,0,0,0,0,0,0,0,0,0,0,0,0,0,0,0
39.6499,-77.3905,"2018-06-07 13:00:00","panTrap",7,6,2018,1480,"133",0,0,0,0,0,0,0,0,0,0,0,0,0,2,0,1,0,0,0,0,0,0,0,0,0,0,0,0,0,0,0,0,0
39.6499,-77.3905,"2018-06-12 12:40:00","handNet",12,6,2018,15,"133",0,0,0,0,0,2,0,0,0,0,0,0,0,0,0,0,0,0,0,0,0,0,0,0,0,0,0,0,0,0,0,0,0
39.6499,-77.3905,"2018-07-11 13:00:00","panTrap",11,7,2018,1375,"133",7,0,0,0,1,2,0,0,0,0,0,0,0,0,1,0,0,0,0,0,0,0,0,0,0,0,0,0,1,0,0,1,0
39.6499,-77.3905,"2018-07-12 12:40:00","handNet",12,7,2018,15,"133",0,0,0,0,0,1,0,0,0,0,0,0,0,0,0,0,0,0,0,0,0,0,0,0,0,0,0,0,0,0,0,0,0
39.6499,-77.3905,"2018-08-06 10:30:00","panTrap",6,8,2018,1530,"133",4,0,1,0,0,3,0,0,0,0,0,0,0,0,3,0,0,0,0,0,0,0,1,0,1,0,0,0,0,0,0,0,0
39.6499,-77.3905,"2018-08-09 10:25:00","handNet",9,8,2018,15,"133",0,0,0,0,0,1,0,0,0,0,0,0,0,0,0,0,0,0,0,0,0,0,0,0,1,0,0,0,0,0,0,0,0
39.6499,-77.3905,"2018-08-27 11:45:00","panTrap",27,8,2018,1840,"133",2,1,1,0,0,1,0,0,0,0,0,0,0,0,0,0,0,0,0,0,0,0,0,0,0,0,0,0,0,0,0,0,0
39.6499,-77.3905,"2018-10-03 11:50:00","panTrap",3,10,2018,1615,"133",0,0,1,1,0,0,0,0,0,0,0,0,0,0,0,0,0,0,0,0,0,0,0,0,0,0,0,0,0,0,0,0,0
39.6503,-77.3883,"2017-04-18 13:08:00","panTrap",18,4,2017,1501,"134",0,0,0,0,0,2,0,0,0,0,0,0,0,0,0,0,0,0,0,0,0,0,0,0,0,0,0,0,0,0,0,0,0
39.6503,-77.3883,"2017-05-31 15:05:00","panTrap",31,5,2017,1311,"134",2,0,0,4,0,0,0,0,0,0,0,0,0,1,0,0,0,0,0,0,0,0,0,0,0,0,0,0,0,0,0,0,0
39.6503,-77.3883,"2017-06-14 13:05:00","handNet",14,6,2017,15,"134",0,0,0,0,0,3,0,0,0,0,0,0,0,0,0,0,0,0,0,0,0,0,0,0,0,0,0,0,0,0,0,0,0
39.6503,-77.3883,"2017-06-22 10:40:00","panTrap",22,6,2017,1490,"134",10,1,0,1,0,2,0,0,0,0,0,0,0,1,0,0,0,0,0,0,0,0,1,0,0,0,0,0,0,0,0,0,0
39.6503,-77.3883,"2017-06-29 10:45:00","handNet",29,6,2017,15,"134",0,0,0,0,0,6,0,0,0,0,0,0,0,0,0,0,0,0,0,0,0,0,0,0,0,0,0,0,0,0,0,0,0
39.6503,-77.3883,"2017-07-26 11:18:00","panTrap",26,7,2017,1512,"134",8,0,2,0,0,1,0,0,0,0,0,0,0,0,12,0,0,0,0,0,0,0,0,0,0,0,0,0,0,0,0,0,0
39.6503,-77.3883,"2017-07-27 12:45:00","handNet",27,7,2017,15,"134",0,0,0,1,0,0,0,0,0,0,0,0,0,0,0,0,0,0,0,0,0,0,0,0,0,0,0,0,0,0,0,0,0
39.6503,-77.3883,"2017-08-24 13:50:00","panTrap",24,8,2017,1400,"134",3,0,0,0,0,2,0,0,0,0,0,0,0,0,0,0,0,0,0,0,0,0,0,0,0,0,0,0,0,0,0,0,0
39.6503,-77.3883,"2017-08-25 14:00:00","handNet",25,8,2017,15,"134",0,0,0,0,0,0,0,0,0,0,0,0,0,0,1,0,0,0,0,0,0,0,0,0,0,0,0,0,0,0,0,0,0
39.6503,-77.3883,"2017-09-20 11:40:00","panTrap",20,9,2017,1520,"134",1,0,1,0,0,0,0,0,0,0,0,0,0,0,0,0,0,0,0,0,0,0,0,0,0,0,0,0,0,0,0,0,0
39.6503,-77.3883,"2017-09-20 12:40:00","handNet",20,9,2017,15,"134",0,0,1,0,0,0,0,0,0,0,0,0,0,0,0,0,0,0,0,0,0,0,0,0,0,0,0,0,0,0,0,0,0
39.6503,-77.3883,"2018-06-07 12:35:00","panTrap",7,6,2018,1480,"134",4,0,1,0,0,2,0,0,0,0,0,0,0,0,0,0,0,0,0,0,0,0,0,0,0,0,0,0,0,0,0,0,0
39.6503,-77.3883,"2018-06-12 12:10:00","handNet",12,6,2018,15,"134",0,0,0,0,0,2,0,0,0,0,0,0,0,0,0,1,0,0,0,0,0,0,0,0,0,0,0,0,0,0,0,0,0
39.6503,-77.3883,"2018-07-11 12:40:00","panTrap",11,7,2018,1395,"134",2,0,0,0,0,0,0,0,0,0,0,0,0,0,2,0,0,0,0,0,0,0,0,0,0,0,0,0,0,0,0,0,0
39.6503,-77.3883,"2018-07-12 12:15:00","handNet",12,7,2018,15,"134",0,0,0,0,0,2,0,0,0,0,0,0,0,0,0,0,0,0,0,0,0,0,0,0,0,0,0,0,0,0,0,0,0
39.6503,-77.3883,"2018-08-06 10:20:00","panTrap",6,8,2018,1540,"134",3,0,0,0,0,0,0,0,0,0,0,0,0,0,10,0,0,0,0,0,0,0,0,0,0,0,0,0,0,0,0,0,0
39.6503,-77.3883,"2018-08-09 10:05:00","handNet",9,8,2018,15,"134",0,0,0,0,0,1,0,0,0,0,0,0,0,0,0,0,0,0,0,0,0,0,0,0,0,0,0,0,0,0,0,0,0
39.6503,-77.3883,"2018-08-27 11:45:00","panTrap",27,8,2018,1805,"134",4,0,0,0,0,0,0,0,0,0,0,0,0,0,0,0,0,0,0,0,0,0,0,0,0,0,0,0,0,0,0,0,0
39.6503,-77.3883,"2018-10-03 11:55:00","panTrap",3,10,2018,1620,"134",0,0,0,1,0,0,0,0,0,0,0,0,0,0,0,0,0,0,0,0,0,0,0,0,0,0,0,0,0,0,0,0,0
39.658,-77.8197,"2017-06-17 11:50:00","handNet",17,6,2017,12,"135",0,0,0,3,0,2,0,0,0,0,0,0,0,0,0,3,0,0,0,0,0,0,0,0,0,0,0,0,0,0,0,0,0
39.6598,-77.6307,"2017-06-17 13:25:00","handNet",17,6,2017,20,"136",2,0,3,0,0,3,0,0,0,0,0,0,0,0,0,2,1,0,0,0,0,0,0,0,0,0,0,0,0,0,0,0,0
39.6638,-77.1691,"2017-04-18 12:00:00","panTrap",18,4,2017,1460,"137",3,0,0,0,0,0,0,0,0,3,2,0,0,0,0,0,0,0,0,0,0,0,0,0,0,0,0,0,0,0,0,0,0
39.6638,-77.1691,"2017-05-31 13:15:00","panTrap",31,5,2017,1388,"137",1,0,0,0,0,0,0,0,0,0,0,0,0,5,0,1,0,0,0,0,0,0,0,0,0,0,0,0,0,0,0,0,1
39.6638,-77.1691,"2017-06-22 15:40:00","panTrap",22,6,2017,1380,"137",1,0,0,0,0,0,0,0,0,0,1,0,0,3,0,0,0,0,0,0,0,0,0,0,0,0,0,0,0,0,0,0,0
39.6638,-77.1691,"2017-07-26 14:20:00","panTrap",26,7,2017,1520,"137",4,1,3,1,0,1,0,0,0,0,1,0,0,6,5,0,0,0,0,0,6,0,0,0,0,0,0,0,0,0,0,0,0
39.6638,-77.1691,"2017-07-26 15:00:00","handNet",26,7,2017,15,"137",1,0,0,0,0,0,0,0,0,0,0,0,0,0,0,0,0,0,0,0,0,0,0,0,0,0,0,0,0,0,0,0,0
39.6638,-77.1691,"2017-08-24 11:35:00","panTrap",24,8,2017,1340,"137",3,1,0,0,0,0,0,0,0,0,0,0,0,0,0,0,0,0,0,0,0,0,0,0,0,0,0,0,0,0,0,0,0
39.6638,-77.1691,"2017-08-25 08:40:00","handNet",25,8,2017,15,"137",1,0,0,0,0,0,0,0,0,0,0,0,0,0,0,0,0,0,0,0,0,0,0,0,0,0,0,0,0,0,0,0,0
39.6638,-77.1691,"2017-09-21 14:30:00","panTrap",21,9,2017,1360,"137",2,0,0,0,0,0,0,0,0,0,0,0,0,0,0,0,0,0,0,0,0,0,0,0,0,0,0,0,0,0,0,0,0
39.6638,-77.1691,"2018-06-12 10:10:00","panTrap",12,6,2018,1455,"137",4,0,1,0,0,0,0,0,0,0,0,0,0,7,0,0,0,0,0,0,0,0,0,0,0,0,0,0,0,0,0,0,0
39.6638,-77.1691,"2018-07-12 11:00:00","panTrap",12,7,2018,1605,"137",7,0,3,0,1,1,0,0,0,0,0,0,0,0,7,0,0,0,0,0,0,0,0,0,0,0,0,0,0,0,0,2,0
39.6638,-77.1691,"2018-07-13 14:05:00","handNet",13,7,2018,15,"137",0,0,0,0,0,2,0,0,0,0,0,0,0,0,0,0,0,0,0,0,0,0,0,0,0,0,0,0,0,0,0,0,0
39.6638,-77.1691,"2018-08-07 10:15:00","panTrap",7,8,2018,1440,"137",7,0,0,0,0,0,0,0,0,0,0,0,0,0,2,0,0,0,0,0,0,0,0,0,0,0,0,0,0,0,0,0,1
39.6638,-77.1691,"2018-08-28 14:55:00","panTrap",28,8,2018,1265,"137",0,0,0,0,0,0,0,0,0,0,0,0,0,0,0,0,0,0,0,0,0,0,0,0,0,0,0,0,0,0,0,0,0
39.6638,-77.1691,"2018-09-05 10:10:00","handNet",5,9,2018,15,"137",0,0,0,0,0,1,0,0,0,0,0,0,0,0,0,0,0,0,0,0,0,0,0,0,0,0,0,0,0,0,0,0,0
39.6638,-77.1688,"2017-04-18 12:00:00","panTrap",18,4,2017,1320,"138",1,0,0,0,0,0,0,0,0,0,0,0,0,0,0,0,0,0,0,0,0,0,0,0,0,0,0,0,0,0,0,0,0
39.6638,-77.1688,"2017-05-31 12:20:00","panTrap",31,5,2017,1435,"138",9,1,3,9,0,0,0,0,2,0,0,0,0,17,0,9,0,0,0,0,0,0,0,0,0,0,0,0,0,0,0,0,0
39.6638,-77.1688,"2017-06-22 15:20:00","panTrap",22,6,2017,1380,"138",7,0,0,1,0,0,0,0,0,0,0,0,0,5,0,0,0,0,0,0,0,0,0,0,0,0,0,0,1,0,0,0,0
39.6638,-77.1688,"2017-06-27 11:45:00","handNet",27,6,2017,15,"138",0,0,0,0,0,3,0,0,0,0,0,0,0,0,0,1,0,0,0,0,0,0,0,0,0,0,0,0,0,0,0,0,0
39.6638,-77.1688,"2017-07-26 13:30:00","panTrap",26,7,2017,1547,"138",9,0,4,17,0,0,0,0,0,0,0,0,0,6,0,0,0,0,0,0,1,0,0,0,0,0,0,0,2,0,0,0,0
39.6638,-77.1688,"2017-08-24 13:05:00","panTrap",24,8,2017,1270,"138",5,0,0,1,0,0,0,0,0,0,0,0,0,1,0,0,0,0,0,0,0,0,0,0,0,0,0,0,6,0,0,0,0
39.6638,-77.1688,"2017-09-21 14:00:00","panTrap",21,9,2017,1375,"138",0,1,0,0,0,0,0,0,0,0,0,0,0,0,0,0,0,0,0,0,0,0,1,0,0,0,0,0,2,0,0,0,0
39.6638,-77.1688,"2018-06-12 10:10:00","panTrap",12,6,2018,1455,"138",1,0,0,1,0,0,0,0,0,0,0,0,0,0,0,0,0,0,0,0,0,0,0,0,0,0,0,0,0,0,0,0,0
39.6638,-77.1688,"2018-07-12 11:00:00","panTrap",12,7,2018,1605,"138",15,0,4,0,0,2,0,0,0,0,0,0,1,1,0,0,0,0,0,0,0,0,0,0,0,0,0,0,1,0,0,0,0
39.6638,-77.1688,"2018-08-07 10:15:00","panTrap",7,8,2018,1420,"138",3,0,0,0,0,0,0,0,0,0,0,0,1,0,0,0,0,0,0,0,0,0,0,0,0,0,0,0,0,0,0,0,0
39.6638,-77.1688,"2018-08-28 14:57:00","panTrap",28,8,2018,1263,"138",2,0,0,1,0,0,0,0,0,0,0,0,0,1,0,0,0,0,0,0,0,0,0,0,0,0,0,0,0,0,0,0,0
39.6639,-78.5605,"2017-09-23 10:50:00","handNet",23,9,2017,40,"139",0,1,1,0,0,3,0,0,0,0,0,0,0,0,0,1,0,0,0,0,0,0,0,0,0,0,0,0,0,0,0,0,0
39.6644,-77.1682,"2017-05-31 12:20:00","panTrap",31,5,2017,1435,"140",0,0,0,0,0,0,0,0,0,0,0,0,0,10,0,0,0,0,0,0,0,0,0,0,0,0,0,0,0,0,0,0,0
39.6644,-77.1682,"2017-06-22 15:20:00","panTrap",22,6,2017,1380,"140",6,0,1,0,0,2,0,0,0,1,1,0,0,12,0,0,0,0,0,0,0,0,0,0,0,0,0,0,1,0,0,0,0
39.6644,-77.1682,"2017-06-27 11:23:00","handNet",27,6,2017,15,"140",1,0,1,0,0,5,0,0,0,0,0,0,0,0,0,0,0,0,0,0,0,0,0,0,0,0,0,0,0,0,0,0,0
39.6644,-77.1682,"2017-07-26 13:50:00","panTrap",26,7,2017,1535,"140",9,1,0,0,0,1,0,0,0,0,0,0,0,10,5,0,0,0,0,0,2,0,0,0,0,0,0,0,0,0,0,1,0
39.6644,-77.1682,"2017-07-26 15:15:00","handNet",26,7,2017,15,"140",0,0,0,0,0,1,0,0,0,0,0,0,0,0,0,0,0,0,0,0,1,0,1,0,0,0,0,0,0,0,0,0,0
39.6644,-77.1682,"2017-08-25 11:00:00","handNet",25,8,2017,15,"140",0,0,2,0,0,0,0,0,0,0,0,0,0,0,0,0,0,0,0,0,0,0,0,0,0,0,0,0,0,0,0,0,0
39.6644,-77.1682,"2018-06-12 10:10:00","panTrap",12,6,2018,1475,"140",8,0,0,2,0,0,0,0,0,0,0,0,0,9,0,1,0,0,0,0,0,0,0,0,0,0,0,0,0,0,0,0,0
39.6644,-77.1682,"2018-07-12 11:00:00","panTrap",12,7,2018,1605,"140",9,0,3,0,0,0,0,0,0,0,0,0,2,2,1,0,0,0,0,0,2,0,0,0,0,0,0,0,0,0,0,1,0
39.6644,-77.1682,"2018-07-13 14:20:00","handNet",13,7,2018,15,"140",0,0,0,0,0,1,0,0,0,0,0,0,0,0,0,0,0,0,0,0,0,0,0,0,0,0,0,0,0,0,0,0,0
39.6644,-77.1682,"2018-08-07 10:15:00","panTrap",7,8,2018,1425,"140",14,0,1,2,0,0,0,0,0,0,0,0,4,2,4,0,0,0,0,0,0,0,1,0,0,0,0,0,0,0,0,0,1
39.6644,-77.1682,"2018-08-08 10:30:00","handNet",8,8,2018,15,"140",0,0,0,0,0,1,0,0,0,0,0,0,0,0,0,0,0,0,0,0,0,0,0,0,0,0,0,0,0,0,0,0,0
39.6644,-77.1682,"2018-08-28 14:55:00","panTrap",28,8,2018,1265,"140",2,0,0,0,0,0,0,0,0,0,0,0,0,0,1,0,0,0,0,0,0,0,0,0,0,0,0,0,0,0,0,0,0
39.6644,-77.1682,"2018-10-04 13:20:00","panTrap",4,10,2018,1320,"140",1,0,0,0,0,0,0,0,0,0,0,0,0,1,0,0,0,0,0,0,0,0,0,0,0,0,0,0,0,0,0,0,0
39.6672,-78.5681,"2017-09-23 10:30:00","handNet",23,9,2017,14,"141",0,0,0,0,0,5,0,0,0,0,0,0,0,0,0,0,0,0,0,0,0,0,0,0,0,0,0,0,0,0,0,0,0
